DATE,,PUI,,,DAILY CASES,,,,,DISCHARGED,,,ACTIVE(COVID-19 INFECTION),,   ,ICU,,,DEATH,
,,DAILY,TOTAL,,LOCAL,IMPORT,DAILY(TOTAL),TOTAL,,DAILY,TOTAL,,DAILY,TOTAL,,DAILY,TOTAL,,DAILY,TOTAL
1/25/2020,,0,0,,0,4,4,4,,0,0,,4,4,,0,0, ,0,0
1/26/2020,,23,23,,0,0,0,4,,0,0,,0,4,,0,0,,0,0
1/27/2020,,55,78,,0,0,0,4,,0,0,,0,4,,0,0,,0,0
1/28/2020,,0,78,,0,0,0,4,,0,0,,0,4,,0,0,,0,0
1/29/2020,,0,78,,0,3,3,7,,0,0,,3,7,,0,0,,0,0
1/30/2020,,0,78,,0,1,1,8,,0,0,,1,8,,0,0,,0,0
1/31/2020,,11,89,,0,0,0,8,,0,0,,0,8,,0,0,,0,0
2/1/2020,,53,142,,0,0,0,8,,0,0,,0,8,,0,0,,0,0
2/2/2020,,0,142,,0,0,0,8,,0,0,,0,8,,0,0,,0,0
2/3/2020,,0,142,,0,0,0,8,,0,0,,0,8,,0,0,,0,0
2/4/2020,,0,142,,0,2,2,10,,1,1,,1,9,,0,0,,0,0
2/5/2020,,0,142,,0,2,2,12,,0,1,,2,11,,0,0,,0,0
2/6/2020,,0,142,,1,1,2,14,,0,1,,2,13,,0,0,,0,0
2/7/2020,,0,142,,0,1,1,15,,0,1,,1,14,,0,0,,0,0
2/8/2020,,0,142,,0,1,1,16,,1,2,,0,14,,0,0,,0,0
2/9/2020,,223,365,,1,0,1,17,,1,3,,0,14,,0,0,,0,0
2/10/2020,,0,365,,0,1,1,18,,0,3,,1,15,,0,0,,0,0
2/11/2020,,0,365,,0,0,0,18,,0,3,,0,15,,0,0,,0,0
2/12/2020,,0,365,,0,0,0,18,,0,3,,0,15,,0,0,,0,0
2/13/2020,,0,365,,0,1,1,19,,0,3,,1,16,,0,0,,0,0
2/14/2020,,0,365,,0,0,0,19,,4,7,,-4,12,,0,0,,0,0
2/15/2020,,142,507,,0,3,3,22,,1,8,,2,14,,0,0,,0,0
2/16/2020,,0,507,,0,0,0,22,,0,8,,0,14,,0,0,,0,0
2/17/2020,,0,507,,0,0,0,22,,1,9,,-1,13,,0,0,,0,0
2/18/2020,,0,507,,0,0,0,22,,4,13,,-4,9,,0,0,,0,0
2/19/2020,,0,507,,0,0,0,22,,4,17,,-4,5,,0,0,,0,0
2/20/2020,,0,507,,0,0,0,22,,0,17,,0,5,,0,0,,0,0
2/21/2020,,0,507,,0,0,0,22,,0,17,,0,5,,0,0,,0,0
2/22/2020,,0,507,,0,0,0,22,,1,18,,-1,4,,0,0,,0,0
2/23/2020,,0,507,,0,0,0,22,,2,20,,-2,2,,0,0,,0,0
2/24/2020,,0,507,,0,0,0,22,,0,20,,0,2,,0,0,,0,0
2/25/2020,,289,796,,0,0,0,22,,0,20,,0,2,,0,0,,0,0
2/26/2020,,0,796,,0,0,0,22,,0,20,,0,2,,0,0,,0,0
2/27/2020,,0,796,,0,1,1,23,,2,22,,-1,1,,0,0,,0,0
2/28/2020,,0,796,,0,2,2,25,,0,22,,2,3,,0,0,,0,0
2/29/2020,,0,796,,0,0,0,25,,0,22,,0,3,,0,0,,0,0
3/1/2020,,0,796,,2,2,4,29,,0,22,,4,7,,0,0,,0,0
3/2/2020,,0,796,,0,0,0,29,,0,22,,0,7,,0,0,,0,0
3/3/2020,,0,796,,2,5,7,36,,0,22,,7,14,,0,0,,0,0
3/4/2020,,0,796,,14,0,14,50,,0,22,,14,28,,0,0,,0,0
3/5/2020,,378,1174,,5,0,5,55,,0,22,,5,33,,0,0,,0,0
3/6/2020,,0,1174,,28,0,28,83,,1,23,,27,60,,0,0,,0,0
3/7/2020,,0,1174,,10,0,10,93,,0,23,,10,70,,0,0,,0,0
3/8/2020,,0,1174,,6,0,6,99,,1,24,,5,75,,0,0,,0,0
3/9/2020,,0,1174,,18,0,18,117,,0,24,,18,93,,0,0,,0,0
3/10/2020,,0,1174,,12,0,12,129,,1,25,,11,104,,0,0,,0,0
3/11/2020,,0,1174,,20,0,20,149,,1,26,,19,123,,0,0,,0,0
3/12/2020,,0,1174,,9,0,9,158,,6,32,,3,126,,0,0,,0,0
3/13/2020,,0,1174,,39,0,39,197,,0,32,,39,165,,4,4,,0,0
3/14/2020,,0,1174,,41,0,41,238,,2,34,,39,204,,1,5,,0,0
3/15/2020,,0,1174,,190,0,190,428,,7,41,,183,387,,4,9,,0,0
3/16/2020,,0,1174,,125,0,125,553,,1,42,,124,511,,3,12,,0,0
3/17/2020,,0,1174,,120,0,120,673,,7,49,,111,622,,0,12,,2,2
3/18/2020,,0,1174,,117,0,117,790,,11,60,,106,728,,3,15,,0,2
3/19/2020,,0,1174,,110,0,110,900,,15,75,,95,823,,5,20,,0,2
3/20/2020,,0,1174,,130,0,130,1030,,12,87,,118,941,,0,20,,0,2
3/21/2020,,0,1174,,153,0,153,1183,,27,114,,124,1065,,17,37,,2,4
3/22/2020,,0,1174,,123,0,123,1306,,25,139,,92,1157,,9,46,,6,10
3/23/2020,,0,1174,,212,0,212,1518,,20,159,,188,1345,,11,57,,4,14
3/24/2020,,0,1174,,106,0,106,1624,,24,183,,81,1426,,7,64,,1,15
3/25/2020,,0,1174,,172,0,172,1796,,16,199,,152,1578,,-19,45,,4,19
3/26/2020,,0,1174,,235,0,235,2031,,16,215,,215,1793,,0,45,,4,23
3/27/2020,,0,1174,,130,0,130,2161,,44,259,,83,1876,,9,54,,3,26
3/28/2020,,0,1174,,159,0,159,2320,,61,320,,97,1973,,19,73,,1,27
3/29/2020,,0,1174,,150,0,150,2470,,68,388,,75,2048,,0,73,,7,34
3/30/2020,,0,1174,,156,0,156,2626,,91,479,,62,2110,,21,94,,3,37
3/31/2020,,0,1174,,140,0,140,2766,,58,537,,76,2186,,0,94,,6,43
4/1/2020,,0,1174,,142,0,142,2908,,108,645,,32,2218,,8,102,,2,45
4/2/2020,,0,1174,,208,0,208,3116,,122,767,,81,2299,,3,105,,5,50
4/3/2020,,0,1174,,217,0,217,3333,,60,827,,154,2453,,3,108,,3,53
4/4/2020,,0,1174,,150,0,150,3483,,88,915,,58,2511,,-9,99,,4,57
4/5/2020,,0,1174,,179,0,179,3662,,90,1005,,85,2596,,0,99,,4,61
4/6/2020,,0,1174,,131,0,131,3793,,236,1241,,-106,2490,,3,102,,1,62
4/7/2020,,0,1174,,170,0,170,3963,,80,1321,,89,2579,,-10,92,,1,63
4/8/2020,,0,1174,,156,0,156,4119,,166,1487,,-12,2567,,-16,76,,2,65
4/9/2020,,0,1174,,109,0,109,4228,,121,1608,,-14,2553,,-4,72,,2,67
4/10/2020,,0,1174,,118,0,118,4346,,222,1830,,-107,2446,,-3,69,,3,70
4/11/2020,,0,1174,,184,0,184,4530,,165,1995,,16,2462,,3,72,,3,73
4/12/2020,,0,1174,,153,0,153,4683,,113,2108,,37,2499,,-6,66,,3,76
4/13/2020,,0,1174,,134,0,134,4817,,168,2276,,-35,2464,,0,66,,1,77
4/14/2020,,0,1174,,170,0,170,4987,,202,2478,,-37,2427,,-6,60,,5,82
4/15/2020,,0,1174,,85,0,85,5072,,169,2647,,-85,2342,,-4,56,,1,83
4/16/2020,,0,1174,,110,0,110,5182,,119,2766,,-10,2332,,0,56,,1,84
4/17/2020,,0,1174,,69,0,69,5251,,201,2967,,-134,2198,,-5,51,,2,86
4/18/2020,,0,1174,,54,0,54,5305,,135,3102,,-83,2115,,-2,49,,2,88
4/19/2020,,0,1174,,84,0,84,5389,,95,3197,,-12,2103,,-3,46,,1,89
4/20/2020,,0,1174,,36,0,36,5425,,98,3295,,-62,2041,,-1,45,,0,89
4/21/2020,,0,1174,,39,18,57,5482,,54,3349,,0,2041,,-2,43,,3,92
4/22/2020,,0,1174,,50,0,50,5532,,103,3452,,-54,1987,,0,43,,1,93
4/23/2020,,0,1174,,71,0,71,5603,,90,3542,,-21,1966,,-1,42,,2,95
4/24/2020,,0,1174,,75,13,88,5691,,121,3663,,-34,1932,,-1,41,,1,96
4/25/2020,,0,1174,,48,3,51,5742,,99,3762,,-50,1882,,-5,36,,2,98
4/26/2020,,0,1174,,33,5,38,5780,,100,3862,,-62,1820,,0,36,,0,98
4/27/2020,,0,1174,,35,5,40,5820,,95,3957,,-56,1764,,1,37,,1,99
4/28/2020,,0,1174,,21,10,31,5851,,75,4032,,-45,1719,,-1,36,,1,100
4/29/2020,,0,1174,,22,72,94,5945,,55,4087,,39,1758,,4,40,,0,100
4/30/2020,,0,1174,,32,25,57,6002,,84,4171,,-29,1729,,-4,36,,2,102
5/1/2020,,0,1174,,57,12,69,6071,,39,4210,,29,1758,,1,37,,1,103
5/2/2020,,2333,3507,,94,11,105,6176,,116,4326,,-11,1747,,-6,31,,0,103
5/3/2020,,,,,70,52,122,6298,,87,4413,,33,1780,,-4,27,,2,105
5/4/2020,,,,,48,7,55,6353,,71,4484,,-16,1764,,1,28,,0,105
5/5/2020,,,,,30,0,30,6383,,83,4567,,-54,1710,,-4,24,,1,106
5/6/2020,,,,,44,1,45,6428,,135,4702,,-91,1619,,-2,22,,1,107
5/7/2020,,,,,38,1,39,6467,,74,4776,,-35,1584,,-3,19,,0,107
5/8/2020,,,,,64,4,68,6535,,88,4864,,-20,1564,,-1,18,,0,107
5/9/2020,,,,,53,1,54,6589,,65,4929,,-12,1552,,0,18,,1,108
5/10/2020,,,,,67,0,67,6656,,96,5025,,-29,1523,,0,18,,0,108
5/11/2020,,,,,70,0,70,6726,,88,5113,,-19,1504,,2,20,,1,109
5/12/2020,,,,,13,3,16,6742,,110,5223,,-94,1410,,-4,16,,0,109
5/13/2020,,,,,33,4,37,6779,,58,5281,,-23,1387,,0,16,,2,111
5/14/2020,,,,,40,0,40,6819,,70,5351,,-31,1356,,0,16,,1,112
5/15/2020,,,,,36,0,36,6855,,88,5439,,-52,1304,,-2,14,,0,112
5/16/2020,,,,,11,6,17,6872,,73,5512,,-57,1247,,-1,13,,1,113
5/17/2020,,,,,17,5,22,6894,,59,5571,,-37,1210,,0,13,,0,113
5/18/2020,,,,,26,21,47,6941,,44,5615,,3,1213,,0,13,,0,113
5/19/2020,,,,,35,2,37,6978,,31,5646,,5,1218,,-2,11,,1,114
5/20/2020,,,,,21,10,31,7009,,60,5706,,-29,1189,,0,11,,0,114
5/21/2020,,,,,47,3,50,7059,,90,5796,,-40,1149,,-1,10,,0,114
5/22/2020,,,,,53,25,78,7137,,63,5859,,14,1163,,-1,9,,1,115
5/23/2020,,,,,44,4,48,7185,,53,5912,,-5,1158,,0,9,,0,115
5/24/2020,,,,,53,7,60,7245,,33,5945,,27,1185,,0,9,,0,115
5/25/2020,,,,,167,5,172,7417,,34,5979,,138,1323,,-1,8,,0,115
5/26/2020,,,,,177,10,187,7604,,62,6041,,125,1448,,0,8,,0,115
5/27/2020,,,,,9,6,15,7619,,42,6083,,-27,1421,,0,8,,0,115
5/28/2020,,,,,10,0,10,7629,,86,6169,,-76,1345,,0,8,,0,115
5/29/2020,,,,,96,7,103,7732,,66,6235,,37,1382,,0,8,,0,115
5/30/2020,,,,,27,3,30,7762,,95,6330,,-65,1317,,1,9,,0,115
5/31/2020,,,,,47,10,57,7819,,23,6353,,34,1351,,0,9,,0,115
6/1/2020,,,,,12,26,38,7857,,51,6404,,-13,1338,,-1,8,,0,115
6/2/2020,,,,,5,15,20,7877,,66,6470,,-46,1292,,-2,6,,0,115
6/3/2020,,,,,93,0,93,7970,,61,6531,,32,1324,,0,6,,0,115
6/4/2020,,,,,275,2,277,8247,,28,6559,,249,1573,,0,6,,0,115
6/5/2020,,,,,12,7,19,8266,,51,6610,,-33,1540,,0,6,,1,116
6/6/2020,,,,,29,8,37,8303,,25,6635,,11,1551,,-1,5,,1,117
6/7/2020,,,,,13,6,19,8322,,39,6674,,-20,1531,,0,5,,0,117
6/8/2020,,,,,5,2,7,8329,,20,6694,,-13,1518,,1,6,,0,117
6/9/2020,,,,,1,6,7,8336,,281,6975,,-274,1244,,0,6,,0,117
6/10/2020,,,,,1,1,2,8338,,39,7014,,-38,1206,,-1,5,,1,118
6/11/2020,,,,,20,11,31,8369,,51,7065,,-20,1186,,0,5,,0,118
6/12/2020,,,,,17,16,33,8402,,103,7168,,-71,1115,,-1,4,,1,119
6/13/2020,,,,,38,5,43,8445,,143,7311,,-101,1014,,0,4,,1,120
6/14/2020,,,,,6,2,8,8453,,35,7346,,-28,986,,0,4,,1,121
6/15/2020,,,,,38,3,41,8494,,54,7400,,-13,973,,0,4,,0,121
6/16/2020,,,,,10,1,11,8505,,333,7733,,-322,651,,0,4,,0,121
6/17/2020,,,,,10,0,10,8515,,140,7873,,-130,521,,0,4,,0,121
6/18/2020,,,,,11,3,14,8529,,127,8000,,-113,408,,0,4,,0,121
6/19/2020,,,,,4,2,6,8535,,70,8070,,-64,344,,-1,3,,0,121
6/20/2020,,,,,19,2,21,8556,,76,8146,,-55,289,,0,3,,0,121
6/21/2020,,,,,13,3,16,8572,,10,8156,,6,295,,0,3,,0,121
6/22/2020,,,,,13,2,15,8587,,21,8177,,-6,289,,-1,2,,0,121
6/23/2020,,,,,3,0,3,8590,,9,8186,,-6,283,,1,3,,0,121
6/24/2020,,,,,4,2,6,8596,,45,8231,,-39,244,,-1,2,,0,121
6/25/2020,,,,,1,3,4,8600,,40,8271,,-36,208,,0,2,,0,121
6/26/2020,,,,,1,5,6,8606,,23,8294,,-17,191,,0,2,,0,121
6/27/2020,,,,,6,4,10,8616,,14,8308,,-4,187,,0,2,,0,121
6/28/2020,,,,,14,4,18,8634,,10,8318,,8,195,,0,2,,0,121
6/29/2020,,,,,2,1,3,8637,,16,8334,,-13,182,,2,4,,0,121
6/30/2020,,,,,1,1,2,8639,,20,8354,,-18,164,,0,4,,0,121
7/1/2020,,,,,0,1,1,8640,,21,8375,,-20,144,,0,4,,0,121
7/2/2020,,,,,2,1,3,8643,,62,8437,,-59,85,,-2,2,,0,121
7/3/2020,,,,,2,3,5,8648,,9,8446,,-4,81,,0,2,,0,121
7/4/2020,,,,,3,7,10,8658,,15,8461,,-5,76,,0,2,,0,121
7/5/2020,,,,,2,3,5,8663,,4,8465,,1,77,,0,2,,0,121
7/6/2020,,,,,2,3,5,8668,,11,8476,,-6,71,,0,2,,0,121
7/7/2020,,,,,2,4,6,8674,,5,8481,,1,72,,0,2,,0,121
7/8/2020,,,,,0,3,3,8677,,5,8486,,-2,70,,0,2,,0,121
7/9/2020,,,,,0,6,6,8683,,13,8499,,-7,63,,0,2,,0,121
7/10/2020,,,,,5,8,13,8696,,12,8511,,1,64,,0,2,,0,121
7/11/2020,,,,,4,4,8,8704,,4,8515,,3,67,,1,3,,1,122
7/12/2020,,,,,11,3,14,8718,,4,8519,,10,77,,0,3,,0,122
7/13/2020,,,,,1,6,7,8725,,1,8520,,6,83,,1,4,,0,122
7/14/2020,,,,,0,4,4,8729,,4,8524,,0,83,,2,6,,0,122
7/15/2020,,,,,4,1,5,8734,,2,8526,,3,86,,-1,5,,0,122
7/16/2020,,,,,2,1,3,8737,,12,8538,,-9,77,,-2,3,,0,122
7/17/2020,,,,,8,10,18,8755,,3,8541,,15,92,,0,3,,0,122
7/18/2020,,,,,5,4,9,8764,,5,8546,,4,96,,-2,1,,0,122
7/19/2020,,,,,11,4,15,8779,,7,8553,,7,103,,1,2,,1,123
7/20/2020,,,,,15,6,21,8800,,2,8555,,19,122,,1,3,,0,123
7/21/2020,,,,,11,4,15,8815,,7,8562,,8,130,,1,4,,0,123
7/22/2020,,,,,8,8,16,8831,,4,8566,,12,142,,1,5,,0,123
7/23/2020,,,,,6,3,9,8840,,8,8574,,1,143,,0,5,,0,123
7/24/2020,,,,,16,5,21,8861,,3,8577,,18,161,,0,5,,0,123
7/25/2020,,,,,17,6,23,8884,,17,8594,,6,167,,-2,3,,0,123
7/26/2020,,,,,10,3,13,8897,,6,8600,,6,173,,-1,2,,1,124
7/27/2020,,,,,3,4,7,8904,,1,8601,,6,179,,-2,0,,0,124
7/28/2020,,,,,28,11,39,8943,,6,8607,,33,212,,1,1,,0,124
7/29/2020,,,,,5,8,13,8956,,5,8612,,8,220,,1,2,,0,124
7/30/2020,,,,,5,3,8,8964,,5,8617,,3,223,,1,3,,0,124
7/31/2020,,,,,7,5,12,8976,,27,8644,,-16,207,,0,3,,1,125
8/1/2020,,,,,2,7,9,8985,,3,8647,,6,213,,-1,2,,0,125
8/2/2020,,,,,13,1,14,8999,,17,8664,,-3,210,,0,2,,0,125
8/3/2020,,,,,2,0,2,9001,,4,8668,,-2,208,,0,2,,0,125
8/4/2020,,,,,1,0,1,9002,,16,8684,,-15,193,,-2,0,,0,125
8/5/2020,,,,,6,15,21,9023,,18,8702,,3,196,,2,2,,0,125
8/6/2020,,,,,10,5,15,9038,,11,8713,,4,200,,0,2,,0,125
8/7/2020,,,,,16,9,25,9063,,15,8728,,10,210,,0,2,,0,125
8/8/2020,,,,,1,6,7,9070,,47,8775,,-40,170,,0,2,,0,125
8/9/2020,,,,,4,9,13,9083,,9,8784,,4,174,,-1,1,,0,125
8/10/2020,,,,,6,5,11,9094,,19,8803,,-8,166,,0,1,,0,125
8/11/2020,,,,,4,5,9,9103,,6,8809,,3,169,,1,2,,0,125
8/12/2020,,,,,3,8,11,9114,,8,8817,,3,172,,-1,1,,0,125
8/13/2020,,,,,11,4,15,9129,,4,8821,,11,183,,1,2,,0,125
8/14/2020,,,,,13,7,20,9149,,7,8828,,13,196,,2,4,,0,125
8/15/2020,,,,,23,3,26,9175,,3,8831,,23,219,,2,6,,0,125
8/16/2020,,,,,9,16,25,9200,,28,8859,,-3,216,,0,6,,0,125
8/17/2020,,,,,10,2,12,9212,,17,8876,,-5,211,,2,8,,0,125
8/18/2020,,,,,3,4,7,9219,,26,8902,,-19,192,,0,8,,0,125
8/19/2020,,,,,12,4,16,9235,,23,8925,,-7,185,,-1,7,,0,125
8/20/2020,,,,,0,5,5,9240,,7,8932,,-2,183,,0,7,,0,125
8/21/2020,,,,,5,4,9,9249,,13,8945,,-4,179,,0,7,,0,125
8/22/2020,,,,,5,3,8,9257,,4,8949,,4,183,,1,8,,0,125
8/23/2020,,,,,2,8,10,9267,,10,8959,,0,183,,1,9,,0,125
8/24/2020,,,,,5,2,7,9274,,6,8965,,1,184,,-1,8,,0,125
8/25/2020,,,,,9,2,11,9285,,6,8971,,5,189,,0,8,,0,125
8/26/2020,,,,,5,1,6,9291,,7,8978,,-1,188,,1,9,,0,125
8/27/2020,,,,,3,2,5,9296,,16,8994,,-11,177,,-1,8,,0,125
8/28/2020,,,,,2,8,10,9306,,36,9030,,-26,151,,0,8,,0,125
8/29/2020,,,,,1,10,11,9317,,8,9038,,3,154,,0,8,,0,125
8/30/2020,,,,,2,15,17,9334,,10,9048,,6,160,,-1,7,,1,126
8/31/2020,,,,,2,4,6,9340,,6,9054,,-1,159,,-1,6,,1,127
9/1/2020,,,,,9,5,14,9354,,21,9075,,-8,151,,-1,5,,1,128
9/2/2020,,,,,2,4,6,9360,,4,9079,,2,153,,-1,4,,0,128
9/3/2020,,,,,10,4,14,9374,,4,9083,,10,163,,0,4,,0,128
9/4/2020,,,,,4,7,11,9385,,9,9092,,2,165,,0,4,,0,128
9/5/2020,,,,,2,4,6,9391,,21,9113,,-15,150,,1,5,,0,128
9/6/2020,,,,,3,3,6,9397,,2,9115,,4,154,,1,6,,0,128
9/7/2020,,,,,56,6,62,9459,,9,9124,,53,207,,0,6,,0,128
9/8/2020,,,,,85,15,100,9559,,12,9136,,88,295,,1,7,,0,128
9/9/2020,,,,,18,6,24,9583,,7,9143,,17,312,,0,7,,0,128
9/10/2020,,,,,44,1,45,9628,,24,9167,,21,333,,0,7,,0,128
9/11/2020,,,,,181,1,182,9810,,14,9181,,168,501,,0,7,,0,128
9/12/2020,,,,,53,5,58,9868,,8,9189,,50,551,,2,9,,0,128
9/13/2020,,,,,45,2,47,9915,,7,9196,,40,591,,0,9,,0,128
9/14/2020,,,,,28,3,31,9946,,7,9203,,24,615,,3,12,,0,128
9/15/2020,,,,,13,10,23,9969,,6,9209,,17,632,,2,14,,0,128
9/16/2020,,,,,61,1,62,10031,,26,9235,,36,668,,1,15,,0,128
9/17/2020,,,,,16,5,21,10052,,15,9250,,6,674,,-2,13,,0,128
9/18/2020,,,,,91,4,95,10147,,14,9264,,80,754,,-2,11,,1,129
9/19/2020,,,,,17,3,20,10167,,51,9315,,-32,722,,1,12,,1,130
9/20/2020,,,,,40,12,52,10219,,40,9355,,12,734,,-2,10,,0,130
9/21/2020,,,,,51,6,57,10276,,40,9395,,17,751,,-1,9,,0,130
9/22/2020,,,,,72,10,82,10358,,168,9563,,-86,665,,0,9,,0,130
9/23/2020,,,,,143,4,147,10505,,39,9602,,105,770,,-1,8,,3,133
9/24/2020,,,,,69,2,71,10576,,64,9666,,7,777,,-2,6,,0,133
9/25/2020,,,,,107,4,111,10687,,30,9696,,81,858,,-2,4,,0,133
9/26/2020,,,,,79,3,82,10769,,89,9785,,-7,851,,4,8,,0,133
9/27/2020,,,,,146,4,150,10919,,50,9835,,99,950,,-2,6,,1,134
9/28/2020,,,,,112,3,115,11034,,54,9889,,61,1011,,2,8,,0,134
9/29/2020,,,,,97,4,101,11135,,50,9939,,51,1062,,5,13,,0,134
9/30/2020,,,,,86,3,89,11224,,28,9967,,59,1121,,3,16,,2,136
10/1/2020,,,,,259,1,260,11484,,47,10014,,213,1334,,4,20,,0,136
10/2/2020,,,,,287,0,287,11771,,81,10095,,206,1540,,2,22,,0,136
10/3/2020,,,,,317,0,317,12088,,121,10216,,195,1735,,7,29,,1,137
10/4/2020,,,,,292,1,293,12381,,67,10283,,226,1961,,-1,28,,0,137
10/5/2020,,,,,429,3,432,12813,,57,10340,,375,2336,,4,32,,0,137
10/6/2020,,,,,688,3,691,13504,,87,10427,,600,2936,,-1,31,,4,141
10/7/2020,,,,,487,2,489,13993,,74,10501,,415,3351,,9,40,,0,141
10/8/2020,,,,,371,4,375,14368,,18,10519,,352,3703,,20,60,,5,146
10/9/2020,,,,,352,2,354,14722,,188,10707,,160,3863,,8,68,,6,152
10/10/2020,,,,,372,2,374,15096,,73,10780,,298,4161,,5,73,,3,155
10/11/2020,,,,,553,8,561,15657,,133,10913,,426,4587,,17,90,,2,157
10/12/2020,,,,,562,1,563,16220,,109,11022,,452,5039,,8,98,,2,159
10/13/2020,,,,,658,2,660,16880,,350,11372,,306,5345,,3,101,,4,163
10/14/2020,,,,,654,6,660,17540,,233,11605,,423,5768,,7,108,,4,167
10/15/2020,,,,,586,3,589,18129,,409,12014,,177,5945,,-5,103,,3,170
10/16/2020,,,,,627,2,629,18758,,245,12259,,378,6323,,-4,99,,6,176
10/17/2020,,,,,869,0,869,19627,,302,12561,,563,6886,,-8,91,,4,180
10/18/2020,,,,,866,5,871,20498,,701,13262,,163,7049,,-5,86,,7,187
10/19/2020,,,,,858,7,865,21363,,455,13717,,407,7456,,13,99,,3,190
10/20/2020,,,,,860,2,862,22225,,634,14351,,225,7681,,-4,95,,3,193
10/21/2020,,,,,724,8,732,22957,,580,14931,,146,7827,,7,102,,6,199
10/22/2020,,,,,842,5,847,23804,,486,15417,,356,8183,,-12,90,,5,204
10/23/2020,,,,,709,1,710,24514,,467,15884,,233,8416,,0,90,,10,214
10/24/2020,,,,,1217,11,1228,25742,,671,16555,,550,8966,,2,92,,7,221
10/25/2020,,,,,823,0,823,26565,,579,17134,,236,9202,,7,99,,8,229
10/26/2020,,,,,1238,2,1240,27805,,691,17825,,542,9744,,-5,94,,7,236
10/27/2020,,,,,830,5,835,28640,,674,18499,,159,9903,,-5,89,,2,238
10/28/2020,,,,,799,2,801,29441,,573,19072,,220,10123,,5,94,,8,246
10/29/2020,,,,,642,7,649,30090,,685,19757,,-36,10087,,12,106,,0,246
10/30/2020,,,,,799,0,799,30889,,491,20248,,305,10392,,-16,90,,3,249
10/31/2020,,,,,658,1,659,31548,,1000,21248,,-341,10051,,-7,83,,0,249
11/1/2020,,,,,957,0,957,32505,,972,22220,,-15,10036,,14,97,,0,249
11/2/2020,,,,,831,3,834,33339,,900,23120,,-68,9968,,-6,91,,2,251
11/3/2020,,,,,1040,14,1054,34393,,875,23995,,167,10135,,3,94,,12,263
11/4/2020,,,,,1029,3,1032,35425,,820,24815,,204,10339,,-12,82,,8,271
11/5/2020,,,,,1000,9,1009,36434,,839,25654,,164,10503,,-4,78,,6,277
11/6/2020,,,,,1752,3,1755,38189,,726,26380,,1027,11530,,5,83,,2,279
11/7/2020,,,,,1168,0,1168,39357,,1029,27409,,136,11666,,4,87,,3,282
11/8/2020,,,,,839,13,852,40209,,825,28234,,23,11689,,7,94,,4,286
11/9/2020,,,,,967,5,972,41181,,1345,29579,,-381,11308,,-8,86,,8,294
11/10/2020,,,,,868,1,869,42050,,725,30304,,138,11446,,-4,82,,6,300
11/11/2020,,,,,815,7,822,42872,,769,31073,,51,11497,,4,86,,2,302
11/12/2020,,,,,916,3,919,43791,,996,32069,,-78,11419,,6,92,,1,303
11/13/2020,,,,,1300,4,1304,45095,,900,32969,,403,11822,,4,96,,1,304
11/14/2020,,,,,1112,2,1114,46209,,803,33772,,309,12131,,7,103,,2,306
11/15/2020,,,,,1202,6,1208,47417,,1013,34785,,192,12323,,1,104,,3,309
11/16/2020,,,,,1102,1,1103,48520,,821,35606,,278,12601,,-2,102,,4,313
11/17/2020,,,,,1191,19,1210,49730,,1018,36624,,187,12788,,3,105,,5,318
11/18/2020,,,,,656,4,660,50390,,630,37254,,26,12814,,-2,103,,4,322
11/19/2020,,,,,1285,5,1290,51680,,878,38132,,408,13222,,7,110,,4,326
11/20/2020,,,,,953,5,958,52638,,956,39088,,-1,13221,,0,110,,3,329
11/21/2020,,,,,1039,2,1041,53679,,1405,40493,,-367,12854,,-2,108,,3,332
11/22/2020,,,,,1090,6,1096,54775,,1104,41597,,-11,12843,,-2,106,,3,335
11/23/2020,,,,,1882,2,1884,56659,,883,42480,,999,13842,,9,115,,2,337
11/24/2020,,,,,2188,0,2188,58847,,1673,44153,,511,14353,,-3,112,,4,341
11/25/2020,,,,,965,5,970,59817,,2348,46501,,-1382,12971,,-2,110,,4,345
11/26/2020,,,,,931,4,935,60752,,2555,49056,,-1623,11348,,0,110,,3,348
11/27/2020,,,,,1099,10,1109,61861,,1148,50204,,-41,11307,,3,113,,2,350
11/28/2020,,,,,1310,5,1315,63176,,1110,51314,,201,11508,,5,118,,4,354
11/29/2020,,,,,1308,1,1309,64485,,1333,52647,,-27,11481,,-2,116,,3,357
11/30/2020,,,,,1203,9,1212,65697,,2112,54759,,-903,10578,,-3,113,,3,360
12/1/2020,,,,,1467,5,1472,67169,,1552,56311,,-83,10495,,7,120,,3,363
12/2/2020,,,,,847,4,851,68020,,658,56969,,191,10686,,2,122,,2,365
12/3/2020,,,,,1072,3,1075,69095,,948,57917,,116,10802,,-6,116,,11,376
12/4/2020,,,,,1138,3,1141,70236,,1144,59061,,-3,10799,,13,129,,0,376
12/5/2020,,,,,1118,5,1123,71359,,1143,60204,,-24,10775,,1,130,,4,380
12/6/2020,,,,,1332,3,1335,72694,,1069,61273,,264,11039,,-4,126,,2,382
12/7/2020,,,,,1597,3,1600,74294,,1033,62306,,565,11604,,3,129,,2,384
12/8/2020,,,,,1005,7,1012,75306,,1750,64056,,-742,10862,,-3,126,,4,388
12/9/2020,,,,,953,6,959,76265,,1068,65124,,-114,10748,,1,127,,5,393
12/10/2020,,,,,2229,5,2234,78499,,1112,66236,,1119,11867,,-3,124,,3,396
12/11/2020,,,,,1799,11,1810,80309,,937,67173,,867,12734,,-1,123,,6,402
12/12/2020,,,,,1935,2,1937,82246,,911,68084,,1017,13751,,-2,121,,9,411
12/13/2020,,,,,1227,2,1229,83475,,1309,69393,,-84,13667,,-6,115,,4,415
12/14/2020,,,,,1370,1,1371,84846,,1204,70597,,163,13830,,-1,114,,4,419
12/15/2020,,,,,1760,12,1772,86618,,1084,71681,,685,14515,,4,118,,3,422
12/16/2020,,,,,1285,10,1295,87913,,1052,72733,,236,14751,,-5,113,,7,429
12/17/2020,,,,,1214,6,1220,89133,,1297,74030,,-80,14671,,-7,106,,3,432
12/18/2020,,,,,1675,8,1683,90816,,1214,75244,,469,15140,,0,106,,0,432
12/19/2020,,,,,1151,2,1153,91969,,998,76242,,154,15294,,6,112,,1,433
12/20/2020,,,,,1337,3,1340,93309,,1067,77309,,269,15563,,4,116,,4,437
12/21/2020,,,,,2011,7,2018,95327,,1084,78393,,933,16496,,-7,109,,1,438
12/22/2020,,,,,2058,4,2062,97389,,911,79304,,1150,17646,,2,111,,1,439
12/23/2020,,,,,1332,16,1348,98737,,710,80014,,633,18279,,-9,102,,5,444
12/24/2020,,,,,1579,2,1581,100318,,1085,81099,,494,18773,,0,102,,2,446
12/25/2020,,,,,1245,2,1247,101565,,1441,82540,,-197,18576,,6,108,,3,449
12/26/2020,,,,,2324,11,2335,103900,,874,83414,,1459,20035,,0,108,,2,451
12/27/2020,,,,,1191,5,1196,105096,,997,84411,,198,20233,,3,111,,1,452
12/28/2020,,,,,1591,3,1594,106690,,1181,85592,,410,20643,,5,116,,3,455
12/29/2020,,,,,1915,10,1925,108615,,1123,86715,,800,21443,,1,117,,2,457
12/30/2020,,,,,1868,2,1870,110485,,745,87460,,1119,22562,,14,131,,6,463
12/31/2020,,,,,2512,13,2525,113010,,1481,88941,,1036,23598,,0,131,,8,471
1/1/2021,,,,,2066,2,2068,115078,,2230,91171,,-165,23433,,-5,126,,3,474
1/2/2021,,,,,2286,9,2295,117373,,3321,94492,,-1035,22398,,-1,125,,9,483
1/3/2021,,,,,1699,5,1704,119077,,2726,97218,,-1033,21365,,-1,124,,11,494
1/4/2021,,,,,1733,8,1741,120818,,1010,98228,,724,22089,,-2,122,,7,501
1/5/2021,,,,,2011,16,2027,122845,,1221,99449,,798,22887,,1,123,,8,509
1/6/2021,,,,,2589,4,2593,125438,,1129,100578,,1460,24347,,18,141,,4,513
1/7/2021,,,,,3021,6,3027,128465,,2145,102723,,874,25221,,1,142,,8,521
1/8/2021,,,,,2641,2,2643,131108,,2708,105431,,-81,25140,,28,170,,16,537
1/9/2021,,,,,2446,5,2451,133559,,1401,106832,,1045,26185,,7,177,,5,542
1/10/2021,,,,,2426,7,2433,135992,,1277,108109,,1147,27332,,-6,171,,9,551
1/11/2021,,,,,2226,6,2232,138224,,1006,109115,,1222,28554,,16,187,,4,555
1/12/2021,,,,,3303,6,3309,141533,,1469,110584,,1836,30390,,3,190,,4,559
1/13/2021,PKP 2021 ,,,,2983,2,2985,144518,,994,111578,,1987,32377,,7,197,,4,563
1/14/2021,,,,,3330,7,3337,147855,,1710,113288,,1612,33989,,-2,195,,15,578
1/15/2021,,,,,3206,5,3211,151066,,1939,115227,,1264,35253,,9,204,,8,586
1/16/2021,,,,,4021,8,4029,155095,,2148,117375,,1873,37126,,1,205,,8,594
1/17/2021,,,,,3324,15,3339,158434,,2676,120051,,656,37782,,35,240,,7,601
1/18/2021,,,,,3299,7,3306,161740,,2293,122344,,1009,38791,,-14,226,,4,605
1/19/2021,,,,,3624,7,3631,165371,,2944,125288,,673,39464,,12,238,,14,619
1/20/2021,,,,,4003,5,4008,169379,,2374,127662,,1623,41087,,8,246,,11,630
1/21/2021,,,,,3162,8,3170,172549,,2490,130152,,668,41755,,14,260,,12,642
1/22/2021,,,,,3625,6,3631,176180,,2554,132706,,1059,42814,,-9,251,,18,660
1/23/2021,,,,,4264,11,4275,180455,,4313,137019,,-45,42769,,9,260,,7,667
1/24/2021,,,,,3339,7,3346,183801,,4427,141446,,-1092,41677,,5,265,,11,678
1/25/2021,,,,,3040,8,3048,186849,,3638,145084,,-601,41076,,-4,261,,11,689
1/26/2021,,,,,3583,2,3585,190434,,4076,149160,,-502,40574,,19,280,,11,700
1/27/2021,,,,,3674,6,3680,194114,,1858,151018,,1815,42389,,34,314,,7,707
1/28/2021,,,,,4086,8,4094,198208,,3281,154299,,803,43192,,-11,303,,10,717
1/29/2021,,,,,5718,7,5725,203933,,3423,157722,,2286,45478,,-2,301,,16,733
1/30/2021,,,,,5723,5,5728,209661,,3805,161527,,1910,47388,,18,319,,13,746
1/31/2021,,,,,5295,3,5298,214959,,4522,166049,,762,48150,,-6,313,,14,760
2/1/2021,,,,,4205,9,4214,219173,,4280,170329,,-76,48074,,3,316,,10,770
2/2/2021,,,,,3450,5,3455,222628,,3661,173990,,-227,47847,,11,327,,21,791
2/3/2021,,,,,4278,6,4284,226912,,3804,177794,,462,48309,,-20,307,,18,809
2/4/2021,,,,,4568,3,4571,231483,,4092,181886,,462,48771,,1,308,,17,826
2/5/2021,,,,,3387,4,3391,234874,,3392,185278,,-20,48751,,2,310,,19,845
2/6/2021,,,,,3843,4,3847,238721,,1692,186970,,2143,50894,,-5,305,,12,857
2/7/2021,,,,,3723,8,3731,242452,,3369,190339,,347,51241,,-13,292,,15,872
2/8/2021,,,,,3099,1,3100,245552,,2340,192679,,736,51977,,-10,282,,24,896
2/9/2021,,,,,2758,6,2764,248316,,3887,196566,,-1136,50841,,7,289,,13,909
2/10/2021,,,,,3283,5,3288,251604,,1929,198495,,1345,52186,,-4,285,,14,923
2/11/2021,,,,,3369,15,3384,254988,,3774,202269,,-403,51783,,-30,255,,13,936
2/12/2021,,,,,3311,7,3318,258306,,3505,205774,,-204,51579,,3,258,,17,953
2/13/2021,,,,,3498,1,3499,261805,,3515,209289,,-21,51558,,5,263,,5,958
2/14/2021,,,,,2461,3,2464,264269,,4525,213814,,-2068,49490,,-3,260,,7,965
2/15/2021,,,,,2175,1,2176,266445,,4521,218335,,-2355,47135,,0,260,,10,975
2/16/2021,,,,,2720,0,2720,269165,,5718,224053,,-3006,44129,,-7,253,,8,983
2/17/2021,,,,,2991,7,2998,272163,,5709,229762,,-2733,41396,,-22,231,,22,1005
2/18/2021,,,,,2708,4,2712,274875,,5320,235082,,-2633,38763,,-4,227,,25,1030
2/19/2021,,,,,2919,17,2936,277811,,4889,239971,,-1966,36797,,-7,220,,13,1043
2/20/2021,,,,,2461,0,2461,280272,,4782,244753,,-2329,34468,,-13,207,,8,1051
2/21/2021,,,,,3291,6,3297,283569,,4456,249209,,-1164,33304,,2,209,,5,1056
2/22/2021,,,,,2189,3,2192,285761,,3414,252623,,-1228,32076,,-10,199,,6,1062
2/23/2021,,,,,2464,4,2468,288229,,4055,256678,,-1601,30475,,-3,196,,14,1076
2/24/2021,,,,,3544,1,3545,291774,,3331,260009,,202,30677,,-7,189,,12,1088
2/25/2021,,,,,1918,6,1924,293698,,3752,263761,,-1840,28837,,16,205,,12,1100
2/26/2021,,,,,2246,7,2253,295951,,3085,266846,,-843,27994,,-4,201,,11,1111
2/27/2021,,,,,2363,1,2364,298315,,3320,270166,,-966,27028,,-11,190,,10,1121
2/28/2021,,,,,2435,2,2437,300752,,3251,273417,,-823,26205,,12,202,,9,1130
3/1/2021,,,,,1821,7,1828,302580,,2486,275903,,-663,25542,,-4,198,,5,1135
3/2/2021,,,,,1552,3,1555,304135,,2528,278431,,-979,24563,,6,204,,6,1141
3/3/2021,,,,,1743,2,1745,305880,,2276,280707,,-538,24025,,-9,195,,7,1148
3/4/2021,,,,,2054,9,2063,307943,,2922,283629,,-864,23161,,-2,193,,5,1153
3/5/2021,,,,,2149,5,2154,310097,,3275,286904,,-1127,22034,,-9,184,,6,1159
3/6/2021,,,,,1677,3,1680,311777,,2548,289452,,-875,21159,,-12,172,,7,1166
3/7/2021,,,,,1673,10,1683,313460,,2506,291958,,-826,20333,,2,174,,3,1169
3/8/2021,,,,,1520,9,1529,314989,,2076,294034,,-555,19778,,-14,160,,8,1177
3/9/2021,,,,,1278,2,1280,316269,,2345,296379,,-1074,18704,,-5,155,,9,1186
3/10/2021,,,,,1438,10,1448,317717,,2137,298516,,-694,18010,,-4,151,,5,1191
3/11/2021,,,,,1642,5,1647,319364,,2104,300620,,-466,17544,,-4,147,,9,1200
3/12/2021,,,,,1568,7,1575,320939,,2042,302662,,-470,17074,,0,147,,3,1203
3/13/2021,,,,,1458,12,1470,322409,,1830,304492,,-363,16711,,15,162,,3,1206
3/14/2021,,,,,1340,14,1354,323763,,1782,306274,,-432,16279,,-4,158,,4,1210
3/15/2021,,,,,1199,9,1208,324971,,1973,308247,,-768,15511,,-3,155,,3,1213
3/16/2021,,,,,1059,4,1063,326034,,1365,309612,,-307,15204,,-3,152,,5,1218
3/17/2021,,,,,1212,7,1219,327253,,1346,310958,,-129,15075,,2,154,,2,1220
3/18/2021,,,,,1207,6,1213,328466,,1503,312461,,-293,14782,,1,155,,3,1223
3/19/2021,,,,,1565,11,1576,330042,,1996,314457,,-422,14360,,-4,151,,2,1225
3/20/2021,,,,,1669,2,1671,331713,,1585,316042,,82,14442,,0,151,,4,1229
3/21/2021,,,,,1316,11,1327,333040,,1247,317289,,76,14518,,3,154,,4,1233
3/22/2021,,,,,1108,8,1116,334156,,1495,318784,,-384,14134,,2,156,,5,1238
3/23/2021,,,,,1375,9,1384,335540,,1058,319842,,320,14454,,-8,148,,6,1244
3/24/2021,,,,,1263,5,1268,336808,,1083,320925,,183,14637,,13,161,,2,1246
3/25/2021,,,,,1359,1,1360,338168,,1491,322416,,-133,14504,,-4,157,,2,1248
3/26/2021,,,,,1243,32,1275,339443,,1509,323925,,-235,14269,,4,161,,1,1249
3/27/2021,,,,,1194,5,1199,340642,,1257,325182,,-60,14209,,6,167,,2,1251
3/28/2021,,,,,1293,9,1302,341944,,1127,326309,,171,14380,,2,169,,4,1255
3/29/2021,,,,,933,8,941,342885,,1097,327406,,-161,14219,,-3,166,,5,1260
3/30/2021,,,,,1125,8,1133,344018,,1148,328554,,-20,14199,,-5,161,,5,1265
3/31/2021,,,,,1480,2,1482,345500,,1070,329624,,405,14604,,3,164,,7,1272
4/1/2021,,,,,1158,20,1178,346678,,1377,331001,,-205,14399,,-1,163,,6,1278
4/2/2021,,,,,1268,26,1294,347972,,1442,332443,,-153,14246,,5,168,,5,1283
4/3/2021,,,,,1631,7,1638,349610,,1449,333892,,186,14432,,-1,167,,3,1286
4/4/2021,,,,,1342,7,1349,350959,,1270,335162,,77,14509,,19,186,,2,1288
4/5/2021,,,,,1061,9,1070,352029,,1294,336456,,-231,14278,,-6,180,,7,1295
4/6/2021,,,,,1276,24,1300,353329,,1412,337868,,-117,14161,,9,189,,5,1300
4/7/2021,,,,,1126,13,1139,354468,,1199,339067,,-64,14097,,5,194,,4,1304
4/8/2021,,,,,1268,17,1285,355753,,1175,340242,,106,14203,,-8,186,,4,1308
4/9/2021,,,,,1834,20,1854,357607,,1247,341489,,602,14805,,-17,169,,5,1313
4/10/2021,,,,,1505,5,1510,359117,,1248,342737,,254,15059,,25,194,,8,1321
4/11/2021,,,,,1731,8,1739,360856,,1216,343953,,515,15574,,-11,183,,8,1329
4/12/2021,,,,,1305,12,1317,362173,,1052,345005,,261,15835,,5,188,,4,1333
4/13/2021,,,,,1758,9,1767,363940,,1290,346295,,465,16300,,11,199,,12,1345
4/14/2021,,,,,1883,6,1889,365829,,1485,347780,,396,16696,,5,204,,8,1353
4/15/2021,,,,,2129,19,2148,367977,,1259,349039,,879,17575,,8,212,,10,1363
4/16/2021,,,,,2522,29,2551,370528,,1524,350563,,1025,18600,,15,227,,2,1365
4/17/2021,,,,,2319,12,2331,372859,,1832,352395,,494,19094,,-2,225,,5,1370
4/18/2021,,,,,2185,10,2195,375054,,1427,353822,,760,19854,,-6,219,,8,1378
4/19/2021,,,,,2065,13,2078,377132,,1402,355224,,668,20522,,9,228,,8,1386
4/20/2021,,,,,2334,7,2341,379473,,1592,356816,,746,21268,,21,249,,3,1389
4/21/2021,,,,,2328,12,2340,381813,,1910,358726,,419,21687,,-1,248,,11,1400
4/22/2021,,,,,2846,29,2875,384688,,2541,361267,,327,22014,,0,248,,7,1407
4/23/2021,,,,,2843,4,2847,387535,,2341,363608,,498,22512,,12,260,,8,1415
4/24/2021,,,,,2691,26,2717,390252,,2292,365900,,414,22926,,12,272,,11,1426
4/25/2021,,,,,2680,10,2690,392942,,1853,367753,,827,23753,,11,283,,10,1436
4/26/2021,,,,,2773,3,2776,395718,,1803,369556,,960,24713,,17,300,,13,1449
4/27/2021,,,,,2728,5,2733,398451,,2019,371575,,701,25414,,-6,294,,13,1462
4/28/2021,,,,,3129,13,3142,401593,,1822,373397,,1305,26719,,12,306,,15,1477
4/29/2021,,,,,3323,9,3332,404925,,1943,375340,,1374,28093,,3,309,,15,1492
4/30/2021,,,,,3786,2,3788,408713,,2640,377980,,1134,29227,,19,328,,14,1506
5/1/2021,,,,,2865,16,2881,411594,,2462,380442,,404,29631,,9,337,,15,1521
5/2/2021,,,,,3408,10,3418,415012,,2698,383140,,708,30339,,8,345,,12,1533
5/3/2021,,,,,2496,4,2500,417512,,2068,385208,,414,30753,,7,352,,18,1551
5/4/2021,,,,,3114,6,3120,420632,,2334,387542,,763,31516,,-14,338,,23,1574
5/5/2021,,,,,3737,7,3744,424376,,2304,389846,,1423,32939,,-10,328,,17,1591
5/6/2021,,,,,3535,16,3551,427927,,2709,392555,,823,33762,,26,354,,19,1610
5/7/2021,,,,,4493,5,4498,432425,,3449,396004,,1027,34789,,18,372,,22,1632
5/8/2021,,,,,4514,5,4519,436944,,2719,398723,,1775,36564,,21,393,,25,1657
5/9/2021,,,,,3727,6,3733,440677,,3211,401934,,496,37060,,23,416,,26,1683
5/10/2021,,,,,3802,5,3807,444484,,3454,405388,,336,37396,,18,434,,17,1700
5/11/2021,,,,,3968,5,3973,448457,,2848,408236,,1103,38499,,19,453,,22,1722
5/12/2021,,,,,4758,7,4765,453222,,3124,411360,,1602,40101,,16,469,,39,1761
5/13/2021,,,,,4852,3,4855,458077,,3347,414707,,1481,41582,,12,481,,27,1788
5/14/2021,,,,,4112,1,4113,462190,,4190,418897,,-111,41471,,1,482,,34,1822
5/15/2021,,,,,4131,9,4140,466330,,3432,422329,,664,42135,,21,503,,44,1866
5/16/2021,,,,,3778,2,3780,470110,,3990,426319,,-246,41889,,17,520,,36,1902
5/17/2021,,,,,4443,3,4446,474556,,2784,429103,,1617,43506,,2,522,,45,1947
5/18/2021,,,,,4860,5,4865,479421,,3497,432600,,1321,44827,,9,531,,47,1994
5/19/2021,,,,,6072,3,6075,485496,,3516,436116,,2513,47340,,28,559,,46,2040
5/20/2021,,,,,6804,2,6806,492302,,3916,440032,,2831,50171,,28,587,,59,2099
5/21/2021,,,,,6491,2,6493,498795,,4508,444540,,1935,52106,,56,643,,50,2149
5/22/2021,,,,,6317,3,6320,505115,,4694,449234,,1576,53682,,9,652,,50,2199
5/23/2021,,,,,6971,5,6976,512091,,3587,452821,,3340,57022,,29,681,,49,2248
5/24/2021,,,,,6489,20,6509,518600,,3452,456273,,2996,60018,,30,711,,61,2309
5/25/2021,,,,,7285,4,7289,525889,,3789,460062,,3440,63458,,15,726,,60,2369
5/26/2021,,,,,7473,5,7478,533367,,4665,464727,,2750,66208,,30,756,,63,2432
5/27/2021,,,,,7849,8,7857,541224,,4598,469325,,3200,69408,,15,771,,59,2491
5/28/2021,,,,,8288,2,8290,549514,,4814,474139,,3415,72823,,37,808,,61,2552
5/29/2021,,,,,9015,5,9020,558534,,5527,479666,,3395,76218,,36,844,,98,2650
5/30/2021,,,,,6995,4,6999,565533,,5121,484787,,1799,78017,,2,846,,79,2729
5/31/2021,,,,,6821,3,6824,572357,,5251,490038,,1506,79523,,5,851,,67,2796
6/1/2021,PKP 3.0,,,,7103,2,7105,579462,,6083,496121,,951,80474,,21,872,,71,2867
6/2/2021,,,,,7701,2,7703,587165,,5777,501898,,1800,82274,,6,878,,126,2993
6/3/2021,,,,,8145,64,8209,595374,,7049,508947,,1057,83331,,2,880,,103,3096
6/4/2021,,,,,7746,2,7748,603122,,6624,515571,,1038,84369,,3,883,,86,3182
6/5/2021,,,,,7444,8,7452,610574,,6105,521676,,1238,85607,,3,886,,109,3291
6/6/2021,,,,,6227,14,6241,616815,,5133,526809,,1021,86628,,4,890,,87,3378
6/7/2021,,,,,5257,14,5271,622086,,7548,534357,,-2359,84269,,12,902,,82,3460
6/8/2021,,,,,5562,4,5566,627652,,6962,541319,,-1472,82797,,1,903,,76,3536
6/9/2021,,,,,6228,11,6239,633891,,7386,548705,,-1222,81575,,2,905,,75,3611
6/10/2021,,,,,5663,8,5671,639562,,7325,556030,,-1727,79848,,6,911,,73,3684
6/11/2021,,,,,6845,4,6849,646411,,7749,563779,,-984,78864,,1,912,,84,3768
6/12/2021,,,,,5787,6,5793,652204,,8334,572113,,-2617,76247,,2,914,,76,3844
6/13/2021,,,,,5299,5,5304,657508,,8163,580276,,-2923,73324,,3,917,,64,3908
6/14/2021,,,,,4943,6,4949,662457,,6588,586864,,-1699,71625,,4,921,,60,3968
6/15/2021,,,,,5413,6,5419,667876,,6831,593695,,-1513,70112,,1,922,,101,4069
6/16/2021,,,,,5147,3,5150,673026,,7240,600935,,-2163,67949,,2,924,,73,4142
6/17/2021,,,,,5735,3,5738,678764,,7530,608465,,-1852,66097,,-15,909,,60,4202
6/18/2021,,,,,6435,5,6440,685204,,6861,615326,,-495,65602,,-15,894,,74,4276
6/19/2021,,,,,5910,1,5911,691115, ,6918,622244,,-1079,64523,,-8,886,,72,4348
6/20/2021,,,,,5286,7,5293,696408,,5941,628185,,-708,63815,,-6,880,,60,4408
6/21/2021,,,,,4603,8,4611,701019,,5439,633624,,-897,62918,,0,880,,69,4477
6/22/2021,,,,,4741,2,4743,705762,,5557,639181,,-891,62027,,-5,875,,77,4554
6/23/2021,,,,,5237,7,5244,711006,,6372,645553,,-1211,60816,,4,879,,83,4637
6/24/2021,,,,,5833,8,5841,716847,,5411,650964,,346,61162,,-10,869,,84,4721
6/25/2021,,,,,5780,32,5812,722659,,6775,657739,,-1045,60117,,1,870,,82,4803
6/26/2021,,,,,5793,10,5803,728462,,5193,662932,,529,60646,,-4,866,,81,4884
6/27/2021,,,,,5583,3,5586,734048,,4777,667709,,749,61395,,20,886,,60,4944
6/28/2021,,,,,5211,7,5218,739266,,4744,672453,,417,61812,,13,899,,57,5001
6/29/2021,,,,,6423,14,6437,745703,,5298,677751,,1032,62844,,6,905,,107,5108
6/30/2021,,,,,6260,16,6276,751979,,4929,682680,,1285,64129,,0,905,,62,5170
7/1/2021,,,,,6983,5,6988,758967,,5580,688260,,1324,65453,,12,917,,84,5254
7/2/2021,,,,,6979,3,6982,765949,,6278,694538,,631,66084,,-12,905,,73,5327
7/3/2021,,,,,6647,11,6658,772607,,5677,700215,,874,66958,,-13,892,,107,5434
7/4/2021,,,,,6025,20,6045,778652,,5271,705486,,711,67669,,25,917,,63,5497
7/5/2021,,,,,6361,26,6387,785039,,4532,710018,,1778,69447,,6,923,,77,5574
7/6/2021,,,,,7643,11,7654,792693,,4797,714815,,2754,72201,,20,943,,103,5677
7/7/2021,,,,,7071,26,7097,799790,,4863,719678,,2143,74344,,5,948,,91,5768
7/8/2021,,,,,8858,10,8868,808658,,5802,725480,,2931,77275,,4,952,,135,5903
7/9/2021,,,,,9173,7,9180,817838,,5713,731193,,3390,80665,,7,959,,77,5980
7/10/2021,,,,,9342,11,9353,827191,,5910,737103,,3356,84021,,0,959,,87,6067
7/11/2021,,,,,9087,18,9105,836296,,5194,742297,,3820,87841,,2,961,,91,6158
7/12/2021,,,,,8534,40,8574,844870,,5041,747338,,3431,91272,,3,964,,102,6260
7/13/2021,,,,,11052,27,11079,855949,,5990,753328,,4964,96236,,8,972,,125,6385
7/14/2021,,,,,11592,26,11618,867567,,6377,759705,,5123,101359,,-104,868,,118,6503
7/15/2021,,,,,13202,13,13215,880782,,6095,765800,,7010,108369,,17,885,,110,6613
7/16/2021,,,,,12525,16,12541,893323,,6742,772542,,5684,114053,,11,896,,115,6728
7/17/2021,,,,,12509,19,12528,905851,,6629,779171,,5761,119814,,12,908,,138,6866
7/18/2021,,,,,10698,12,10710,916561,,5778,784949,,4779,124593,,1,909,,153,7019
7/19/2021,,,,,10924,48,10972,927533,,6439,791388,,4404,128997,,6,915,,129,7148
7/20/2021,,,,,12358,8,12366,939899,,7567,798955,,4706,133703,,9,924,,93,7241
7/21/2021,,,,,11978,7,11985,951884,,7902,806857,,3884,137587,,3,927,,199,7440
7/22/2021,,,,,13009,25,13034,964918,,8436,815293,,4464,142051,,11,938,,134,7574
7/23/2021,,,,,15541,32,15573,980491,,10094,825387,,5335,147386,,1,939,,144,7718
7/24/2021,,,,,15876,26,15902,996393,,9471,834858,,6247,153633,,11,950,,184,7902
7/25/2021,,,,,17039,6,17045,1013438,,9683,844541,,7270,160903,,20,970,,92,7994
7/26/2021,,,,,14513,3,14516,1027954,,9372,853913,,4937,165840,,39,1009,,207,8201
7/27/2021,,,,,16091,26,16117,1044071,,11526,865439,,4384,170224,,14,1023,,207,8408
7/28/2021,,,,,17399,6,17405,1061476,,12373,877812,,4889,175113,,-7,1016,,143,8551
7/29/2021,,,,,17138,32,17170,1078646,,12930,890742,,4066,179179,,27,1043,,174,8725
7/30/2021,,,,,16823,17,16840,1095486,,12179,902921,,4527,183706,,12,1055,,134,8859
7/31/2021,,,,,17777,9,17786,1113272,,11718,914639,,5903,189609,,7,1062,,165,9024
8/1/2021,,,,,17149,1,17150,1130422,,11326,925965,,5664,195273,,-3,1059,,160,9184
8/2/2021,,,,,15758,6,15764,1146186,,11767,937732,,3778,199051,,4,1063,,219,9403
8/3/2021,,,,,17068,37,17105,1163291,,12297,950029,,4613,203664,,3,1066,,195,9598
8/4/2021,,,,,19796,23,19819,1183110,,12704,962733,,6858,210522,,3,1069,,257,9855
8/5/2021,,,,,20562,34,20596,1203706,,13893,976626,,6539,217061,,9,1078,,164,10019
8/6/2021,,,,,20876,13,20889,1224595,,16394,993020,,4335,221396,,18,1096,,160,10179
8/7/2021,,,,,19241,16,19257,1243852,,16323,1009343,,2724,224120,,1,1097,,210,10389
8/8/2021,,,,,18678,10,18688,1262540,,17055,1026398,,1273,225393,,-2,1095,,360,10749
8/9/2021,,,,,17207,29,17236,1279776,,15187,1041585,,1837,227230,,0,1095,,212,10961
8/10/2021,,,,,19991,0,19991,1299767,,16258,1057843,,3532,230762,,1,1096,,201,11162
8/11/2021,,,,,20765,15,20780,1320547,,17973,1075816,,2596,233358,,-43,1053,,211,11373
8/12/2021,,,,,21610,58,21668,1342215,,17687,1093503,,3663,237021,,6,1059,,318,11691
8/13/2021,,,,,21443,25,21468,1363683,,17025,1110528,,4166,241187,,16,1075,,277,11968
8/14/2021,,,,,20662,8,20670,1384353,,17655,1128183,,2755,243942,,21,1096,,260,12228
8/15/2021,,,,,20532,14,20546,1404899,,16945,1145128,,3319,247261,,-37,1059,,282,12510
8/16/2021,,,,,19721,19,19740,1424639,,17450,1162578,,2016,249277,,-12,1047,,274,12784
8/17/2021,,,,,19624,7,19631,1444270,,16468,1179046,,2870,252147,,7,1054,,293,13077
8/18/2021,,,,,22238,4,22242,1466512,,19680,1198726,,2337,254484,,6,1060,,225,13302
8/19/2021,,,,,22939,9,22948,1489460,,21720,1220446,,1050,255534,,0,1060,,178,13480
8/20/2021,,,,,23541,23,23564,1513024,,21448,1241894,,1883,257417,,2,1062,,233,13713
8/21/2021,,,,,22222,40,22262,1535286,,18576,1260470,,3463,260880,,-27,1035,,223,13936
8/22/2021,,,,,19802,5,19807,1555093,,18200,1278670,,1375,262255,,-9,1026,,232,14168
8/23/2021,,,,,17664,8,17672,1572765,,19053,1297723,,-1555,260700,,14,1040,,174,14342
8/24/2021,,,,,20815,22,20837,1593602,,18613,1316336,,2013,262713,,23,1063,,211,14553
8/25/2021,,,,,22637,5,22642,1616244,,20798,1337134,,1579,264292,,-60,1003,,265,14818
8/26/2021,,,,,24591,8,24599,1640843,,22657,1359791,,1549,265841,,-13,990,,393,15211
8/27/2021,,,,,22055,15,22070,1662913,,21877,1381668,,-146,265695,,-8,982,,339,15550
8/28/2021,,,,,22585,12,22597,1685510,,19492,1401160,,2853,268548,,4,986,,252,15802
8/29/2021,,,,,20572,7,20579,1706089,,20845,1422005,,-551,267997,,23,1009,,285,16087
8/30/2021,,,,,19252,16,19268,1725357,,21257,1443262,,-2284,265713,,24,1033,,295,16382
8/31/2021,,,,,20896,1,20897,1746254,,18465,1461727,,2150,267863,,-28,1005,,282,16664
9/1/2021,,,,,18757,5,18762,1765016,,21073,1482800,,-2589,265274,,2,1007,,278,16942
9/2/2021,,,,,20987,1,20988,1786004,,23473,1506273,,-2734,262540,,410,1417,,249,17191
9/3/2021,,,,,19364,14,19378,1805382,,22399,1528672,,-3351,259189,,-29,1388,,330,17521
9/4/2021,,,,,19047,10,19057,1824439,,21582,1550254,,-2887,256302,,-19,1369,,362,17883
9/5/2021,,,,,20388,8,20396,1844835,,20573,1570827,,-513,255789,,-31,1338,,336,18219
9/6/2021,,,,,17344,8,17352,1862187,,20201,1591028,,-3121,252668,,17,1355,,272,18491
9/7/2021,,,,,18529,18,18547,1880734,,18902,1609930,,-666,252002,,-37,1318,,311,18802
9/8/2021,,,,,19730,3,19733,1900467,,22701,1632631,,-3329,248673,,-19,1299,,361,19163
9/9/2021,,,,,19301,6,19307,1919774,,24855,1657486,,-5871,242802,,11,1310,,323,19486
9/10/2021,,,,,21172,4,21176,1940950,,21476,1678962,,-641,242161,,0,1310,,341,19827
9/11/2021,,,,,19543,7,19550,1960500,,21771,1700733,,-2813,239348,,-63,1247,,592,20419
9/12/2021,,,,,19193,5,19198,1979698,,20980,1721713,,-2074,237274,,51,1298,,292,20711
9/13/2021,,,,,16052,21,16073,1995771,,24813,1746526,,-9153,228121,,14,1312,,413,21124
9/14/2021,,,,,15652,17,15669,2011440,,18053,1764579,,-2847,225274,,-46,1266,,463,21587
9/15/2021,,,,,19484,11,19495,2030935,,18760,1783339,,313,225587,,6,1272,,422,22009
9/16/2021,,,,,18808,7,18815,2049750,,16939,1800278,,1530,227117,,-50,1222,,346,22355
9/17/2021,,,,,17574,3,17577,2067327,,22970,1823248,,-5781,221336,,1,1223,,388,22743
9/18/2021,,,,,15544,5,15549,2082876,,17205,1840453,,-1980,219356,,-58,1165,,324,23067
9/19/2021,,,,,14943,11,14954,2097830,,23469,1863922,,-8891,210465,,29,1194,,376,23443
9/20/2021,,,,,14302,43,14345,2112175,,16814,1880736,,-2770,207695,,-27,1167,,301,23744
9/21/2021,,,,,15732,27,15759,2127934,,16650,1897386,,-1225,206470,,-50,1117,,334,24078
9/22/2021,,,,,14985,5,14990,2142924,,19702,1917088,,-5199,201271,,-2,1115,,487,24565
9/23/2021,,,,,13750,4,13754,2156678,,16628,1933716,,-2990,198281,,-8,1107,,116,24681
9/24/2021,,,,,14545,9,14554,2171232,,16751,1950467,,-2447,195834,,-58,1049,,250,24931
9/25/2021,,,,,13893,6,13899,2185131,,18074,1968541,,-4403,191431,,22,1071,,228,25159
9/26/2021,,,,,13096,8,13104,2198235,,20971,1989512,,-8145,183286,,-13,1058,,278,25437
9/27/2021,,,,,10947,12,10959,2209194,,16430,2005942,,-5729,177557,,-78,980,,258,25695
9/28/2021,,,,,11309,23,11332,2220526,,14160,2020102,,-3068,174489,,6,986,,240,25935
9/29/2021,,,,,12426,8,12434,2232960,,17000,2037102,,-4774,169715,,-7,979,,208,26143
