DATE,(Local)Daily New Cases,(Import)Daily New Cases,(Sub-total) Daily cases,(Total) Daily New Cases,Active Cases,(Total) Active Cases,Daily Recovered Cases,(Total) Recovered,Daily Death,(Total)Daily Death
1/25/2020,0,0,0,0,0,0,0,0,0,0
1/26/2020,0,0,0,0,0,0,0,0,0,0
1/27/2020,0,0,0,0,0,0,0,0,0,0
1/28/2020,0,0,0,0,0,0,0,0,0,0
1/29/2020,0,0,0,0,0,0,0,0,0,0
1/30/2020,0,0,0,0,0,0,0,0,0,0
1/31/2020,0,0,0,0,0,0,0,0,0,0
2/1/2020,0,0,0,0,0,0,0,0,0,0
2/2/2020,0,0,0,0,0,0,0,0,0,0
2/3/2020,0,0,0,0,0,0,0,0,0,0
2/4/2020,0,1,1,1,1,1,0,0,0,0
2/5/2020,0,0,0,1,0,1,0,0,0,0
2/6/2020,0,1,1,2,1,2,0,0,0,0
2/7/2020,0,0,0,2,0,2,0,0,0,0
2/8/2020,0,1,1,3,1,3,0,0,0,0
2/9/2020,0,0,0,3,-1,2,1,1,0,0
2/10/2020,0,0,0,3,0,2,0,1,0,0
2/11/2020,0,0,0,3,0,2,0,1,0,0
2/12/2020,0,0,0,3,0,2,0,1,0,0
2/13/2020,0,1,1,4,1,3,0,1,0,0
2/14/2020,0,0,0,4,0,3,0,1,0,0
2/15/2020,0,0,0,4,0,3,0,1,0,0
2/16/2020,0,0,0,4,0,3,0,1,0,0
2/17/2020,0,0,0,4,0,3,0,1,0,0
2/18/2020,0,0,0,4,0,3,0,1,0,0
2/19/2020,0,0,0,4,0,3,0,1,0,0
2/20/2020,0,0,0,4,0,3,0,1,0,0
2/21/2020,0,0,0,4,0,3,0,1,0,0
2/22/2020,0,0,0,4,0,3,0,1,0,0
2/23/2020,0,0,0,4,0,3,0,1,0,0
2/24/2020,0,0,0,4,-2,1,2,3,0,0
2/25/2020,0,0,0,4,0,1,0,3,0,0
2/26/2020,0,0,0,4,0,1,0,3,0,0
2/27/2020,0,1,1,5,0,1,1,4,0,0
2/28/2020,0,1,1,6,1,2,0,4,0,0
2/29/2020,0,0,0,6,0,2,0,4,0,0
3/1/2020,1,0,1,7,1,3,0,4,0,0
3/2/2020,0,0,0,7,0,3,0,4,0,0
3/3/2020,1,0,1,8,1,4,0,4,0,0
3/4/2020,4,0,4,12,3,7,1,5,0,0
3/5/2020,2,0,2,14,2,9,0,5,0,0
3/6/2020,12,0,12,26,12,21,0,5,0,0
3/7/2020,0,0,0,26,-1,20,1,6,0,0
3/8/2020,0,0,0,26,0,20,0,6,0,0
3/9/2020,0,0,0,26,0,20,0,6,0,0
3/10/2020,0,0,0,26,0,20,0,6,0,0
3/11/2020,0,0,0,26,0,20,0,6,0,0
3/12/2020,0,0,0,26,-2,18,2,8,0,0
3/13/2020,0,0,0,26,0,18,0,8,0,0
3/14/2020,1,0,1,27,1,19,0,8,0,0
3/15/2020,43,0,43,70,42,61,1,9,0,0
3/16/2020,34,0,34,104,34,95,0,9,0,0
3/17/2020,8,0,8,112,8,103,0,9,0,0
3/18/2020,5,0,5,117,0,103,5,14,0,0
3/19/2020,10,0,10,127,7,110,3,17,0,0
3/20/2020,16,0,16,143,13,123,3,20,0,0
3/21/2020,30,0,30,173,17,140,13,33,0,0
3/22/2020,17,0,17,190,10,150,6,39,1,1
3/23/2020,52,0,52,242,46,196,5,44,1,2
3/24/2020,15,0,15,257,10,206,5,49,0,2
3/25/2020,13,0,13,270,5,211,7,56,1,3
3/26/2020,51,0,51,321,48,259,3,59,0,3
3/27/2020,16,0,16,337,8,267,7,66,1,4
3/28/2020,7,0,7,344,-5,262,12,78,0,4
3/29/2020,28,0,28,372,13,275,13,91,2,6
3/30/2020,24,0,24,396,9,284,15,106,0,6
3/31/2020,34,0,34,430,26,310,6,112,2,8
4/1/2020,25,0,25,455,-8,302,31,143,2,10
4/2/2020,33,0,33,488,20,322,13,156,0,10
4/3/2020,55,0,55,543,44,366,11,167,0,10
4/4/2020,52,0,52,595,44,410,7,174,1,11
4/5/2020,27,0,27,622,26,436,0,174,1,12
4/6/2020,18,0,18,640,-14,422,32,206,0,12
4/7/2020,31,0,31,671,13,435,18,224,0,12
4/8/2020,14,0,14,685,-17,418,30,254,1,13
4/9/2020,14,0,14,699,11,429,3,257,0,13
4/10/2020,14,0,14,713,-55,374,67,324,2,15
4/11/2020,46,0,46,759,22,396,24,348,0,15
4/12/2020,44,0,44,803,37,433,7,355,0,15
4/13/2020,27,0,27,830,0,433,27,382,0,15
4/14/2020,69,0,69,899,19,452,49,431,1,16
4/15/2020,27,0,27,926,-13,439,39,470,1,17
4/16/2020,26,0,26,952,14,453,11,481,1,18
4/17/2020,19,0,19,971,1,454,17,498,1,19
4/18/2020,14,0,14,985,-16,438,29,527,1,20
4/19/2020,19,0,19,1004,-11,427,30,557,0,20
4/20/2020,4,0,4,1008,-5,422,9,566,0,20
4/21/2020,13,0,13,1021,-4,418,16,582,1,21
4/22/2020,16,0,16,1037,-9,409,25,607,0,21
4/23/2020,29,0,29,1066,-1,408,30,637,0,21
4/24/2020,49,0,49,1115,31,439,18,655,0,21
4/25/2020,37,2,39,1154,-13,426,51,706,1,22
4/26/2020,16,0,16,1170,8,434,8,714,0,22
4/27/2020,26,4,30,1200,13,447,17,731,0,22
4/28/2020,9,5,14,1214,-18,429,32,763,0,22
4/29/2020,8,0,8,1222,-6,423,14,777,0,22
4/30/2020,3,7,10,1232,-3,420,13,790,0,22
5/1/2020,32,0,32,1264,31,451,0,790,1,23
5/2/2020,6,8,14,1278,3,454,11,801,0,23
5/3/2020,29,1,30,1308,-4,450,34,835,0,23
5/4/2020,25,0,25,1333,2,452,23,858,0,23
5/5/2020,23,0,23,1356,-4,448,27,885,0,23
5/6/2020,21,1,22,1378,-32,416,54,939,0,23
5/7/2020,20,0,20,1398,-4,412,24,963,0,23
5/8/2020,4,2,6,1404,-44,368,50,1013,0,23
5/9/2020,10,0,10,1414,-5,363,15,1028,0,23
5/10/2020,9,0,9,1423,-9,354,18,1046,0,23
5/11/2020,31,4,35,1458,5,359,29,1075,1,24
5/12/2020,10,2,12,1470,-16,343,28,1103,0,24
5/13/2020,2,3,5,1475,-5,338,10,1113,0,24
5/14/2020,18,0,18,1493,-19,319,37,1150,0,24
5/15/2020,15,0,15,1508,-13,306,28,1178,0,24
5/16/2020,7,0,7,1515,-6,300,13,1191,0,24
5/17/2020,11,2,13,1528,3,303,10,1201,0,24
5/18/2020,18,20,38,1566,31,334,7,1208,0,24
5/19/2020,22,0,22,1588,4,338,18,1226,0,24
5/20/2020,7,3,10,1598,-5,333,15,1241,0,24
5/21/2020,37,2,39,1637,26,359,13,1254,0,24
5/22/2020,28,11,39,1676,25,384,14,1268,0,24
5/23/2020,5,0,5,1681,-5,379,10,1278,0,24
5/24/2020,5,6,11,1692,9,388,2,1280,0,24
5/25/2020,113,2,115,1807,103,491,12,1292,0,24
5/26/2020,173,4,177,1984,172,663,5,1297,0,24
5/27/2020,3,3,6,1990,3,666,3,1300,0,24
5/28/2020,7,0,7,1997,-14,652,21,1321,0,24
5/29/2020,7,3,10,2007,-14,638,24,1345,0,24
5/30/2020,13,0,13,2020,-3,635,16,1361,0,24
5/31/2020,1,7,8,2028,2,637,6,1367,0,24
6/1/2020,5,6,11,2039,-4,633,15,1382,0,24
6/2/2020,1,4,5,2044,-29,604,34,1416,0,24
6/3/2020,55,0,55,2099,13,617,42,1458,0,24
6/4/2020,271,0,271,2370,259,876,12,1470,0,24
6/5/2020,2,2,4,2374,-17,859,21,1491,0,24
6/6/2020,8,7,15,2389,8,867,7,1498,0,24
6/7/2020,3,1,4,2393,0,867,4,1502,0,24
6/8/2020,1,0,1,2394,-7,860,8,1510,0,24
6/9/2020,1,3,4,2398,-268,592,272,1782,0,24
6/10/2020,0,0,0,2398,-16,576,16,1798,0,24
6/11/2020,1,0,1,2399,-8,568,9,1807,0,24
6/12/2020,5,5,10,2409,3,571,7,1814,0,24
6/13/2020,1,0,1,2410,-92,479,93,1907,0,24
6/14/2020,4,0,4,2414,-1,478,5,1912,0,24
6/15/2020,1,0,1,2415,-7,471,8,1920,0,24
6/16/2020,2,0,2,2417,-293,178,295,2215,0,24
6/17/2020,1,0,1,2418,-24,154,25,2240,0,24
6/18/2020,4,0,4,2422,-50,104,54,2294,0,24
6/19/2020,1,0,1,2423,-16,88,17,2311,0,24
6/20/2020,7,0,7,2430,-33,55,40,2351,0,24
6/21/2020,0,0,0,2430,0,55,0,2351,0,24
6/22/2020,0,0,0,2430,-6,49,6,2357,0,24
6/23/2020,0,0,0,2430,-4,45,4,2361,0,24
6/24/2020,0,0,0,2430,-14,31,14,2375,0,24
6/25/2020,0,0,0,2430,-9,22,9,2384,0,24
6/26/2020,1,0,1,2431,1,23,0,2384,0,24
6/27/2020,3,1,4,2435,3,26,1,2385,0,24
6/28/2020,1,0,1,2436,0,26,1,2386,0,24
6/29/2020,0,0,0,2436,-2,24,2,2388,0,24
6/30/2020,0,0,0,2436,-6,18,6,2394,0,24
7/1/2020,0,0,0,2436,0,18,0,2394,0,24
7/2/2020,1,0,1,2437,-18,0,19,2413,0,24
7/3/2020,0,0,0,2437,-1,-1,1,2414,0,24
7/4/2020,1,0,1,2438,1,0,0,2414,0,24
7/5/2020,0,0,0,2438,0,0,0,2414,0,24
7/6/2020,1,0,1,2439,1,1,0,2414,0,24
7/7/2020,1,1,2,2441,2,3,0,2414,0,24
7/8/2020,0,1,1,2442,0,3,1,2415,0,24
7/9/2020,0,0,0,2442,0,3,0,2415,0,24
7/10/2020,3,0,3,2445,3,6,0,2415,0,24
7/11/2020,0,0,0,2445,0,6,0,2415,0,24
7/12/2020,0,0,0,2445,0,6,0,2415,0,24
7/13/2020,0,0,0,2445,0,6,0,2415,0,24
7/14/2020,0,1,1,2446,1,7,0,2415,0,24
7/15/2020,0,1,1,2447,1,8,0,2415,0,24
7/16/2020,1,0,1,2448,-1,7,2,2417,0,24
7/17/2020,1,0,1,2449,1,8,0,2417,0,24
7/18/2020,0,0,0,2449,-1,7,1,2418,0,24
7/19/2020,1,0,1,2450,1,8,0,2418,0,24
7/20/2020,0,0,0,2450,0,8,0,2418,0,24
7/21/2020,0,1,1,2451,-1,7,2,2420,0,24
7/22/2020,1,1,2,2453,0,7,2,2422,0,24
7/23/2020,0,1,1,2454,1,8,0,2422,0,24
7/24/2020,2,1,3,2457,3,11,0,2422,0,24
7/25/2020,1,0,1,2458,-1,10,2,2424,0,24
7/26/2020,0,2,2,2460,0,10,2,2426,0,24
7/27/2020,0,2,2,2462,2,12,0,2426,0,24
7/28/2020,0,4,4,2466,4,16,0,2426,0,24
7/29/2020,0,6,6,2472,6,22,0,2426,0,24
7/30/2020,1,0,1,2473,0,22,1,2427,0,24
7/31/2020,0,3,3,2476,2,24,1,2428,0,24
8/1/2020,0,0,0,2476,0,24,0,2428,0,24
8/2/2020,0,0,0,2476,-3,21,3,2431,0,24
8/3/2020,0,0,0,2476,0,21,0,2431,0,24
8/4/2020,0,0,0,2476,0,21,0,2431,0,24
8/5/2020,0,15,15,2491,14,35,1,2432,0,24
8/6/2020,1,1,2,2493,1,36,1,2433,0,24
8/7/2020,1,2,3,2496,2,38,1,2434,0,24
8/8/2020,0,3,3,2499,-3,35,6,2440,0,24
8/9/2020,0,7,7,2506,5,40,2,2442,0,24
8/10/2020,0,1,1,2507,-4,36,5,2447,0,24
8/11/2020,3,3,6,2513,4,40,2,2449,0,24
8/12/2020,0,3,3,2516,1,41,2,2451,0,24
8/13/2020,1,2,3,2519,3,44,0,2451,0,24
8/14/2020,0,4,4,2523,4,48,0,2451,0,24
8/15/2020,3,3,6,2529,5,53,1,2452,0,24
8/16/2020,2,11,13,2542,3,56,10,2462,0,24
8/17/2020,0,2,2,2544,0,56,2,2464,0,24
8/18/2020,0,4,4,2548,-3,53,7,2471,0,24
8/19/2020,0,3,3,2551,-5,48,8,2479,0,24
8/20/2020,0,0,0,2551,-5,43,5,2484,0,24
8/21/2020,1,2,3,2554,2,45,1,2485,0,24
8/22/2020,0,1,1,2555,0,45,1,2486,0,24
8/23/2020,0,3,3,2558,1,46,2,2488,0,24
8/24/2020,0,2,2,2560,-3,43,5,2493,0,24
8/25/2020,0,0,0,2560,-4,39,4,2497,0,24
8/26/2020,0,0,0,2560,-3,36,3,2500,0,24
8/27/2020,0,0,0,2560,-5,31,5,2505,0,24
8/28/2020,0,5,5,2565,-7,24,12,2517,0,24
8/29/2020,0,8,8,2573,5,29,3,2520,0,24
8/30/2020,0,14,14,2587,13,42,1,2521,0,24
8/31/2020,0,0,0,2587,-5,37,5,2526,0,24
9/1/2020,0,0,0,2587,-2,35,2,2528,0,24
9/2/2020,0,4,4,2591,2,37,2,2530,0,24
9/3/2020,0,1,1,2592,0,37,1,2531,0,24
9/4/2020,0,7,7,2599,4,41,3,2534,0,24
9/5/2020,0,4,4,2603,2,43,2,2536,0,24
9/6/2020,0,3,3,2606,3,46,0,2536,0,24
9/7/2020,0,4,4,2610,4,50,0,2536,0,24
9/8/2020,0,5,5,2615,5,55,0,2536,0,24
9/9/2020,0,1,1,2616,-4,51,5,2541,0,24
9/10/2020,0,0,0,2616,-14,37,14,2555,0,24
9/11/2020,0,0,0,2616,-8,29,8,2563,0,24
9/12/2020,0,2,2,2618,2,31,0,2563,0,24
9/13/2020,0,1,1,2619,1,32,0,2563,0,24
9/14/2020,0,1,1,2620,1,33,0,2563,0,24
9/15/2020,0,5,5,2625,3,36,2,2565,0,24
9/16/2020,0,0,0,2625,-9,27,9,2574,0,24
9/17/2020,0,0,0,2625,-4,23,4,2578,0,24
9/18/2020,0,0,0,2625,-1,22,1,2579,0,24
9/19/2020,0,2,2,2627,-4,18,6,2585,0,24
9/20/2020,0,6,6,2633,2,20,4,2589,0,24
9/21/2020,0,3,3,2636,3,23,0,2589,0,24
9/22/2020,0,9,9,2645,9,32,0,2589,0,24
9/23/2020,1,4,5,2650,3,35,2,2591,0,24
9/24/2020,0,0,0,2650,-1,34,1,2592,0,24
9/25/2020,0,2,2,2652,-3,31,5,2597,0,24
9/26/2020,3,3,6,2658,4,35,2,2599,0,24
9/27/2020,3,3,6,2664,1,36,5,2604,0,24
9/28/2020,0,1,1,2665,1,37,0,2604,0,24
9/29/2020,1,0,1,2666,0,37,1,2605,0,24
9/30/2020,3,3,6,2672,6,43,0,2605,0,24
10/1/2020,13,1,14,2686,13,56,1,2606,0,24
10/2/2020,1,0,1,2687,-6,50,7,2613,0,24
10/3/2020,4,0,4,2691,2,52,2,2615,0,24
10/4/2020,2,1,3,2694,2,54,1,2616,0,24
10/5/2020,5,2,7,2701,7,61,0,2616,0,24
10/6/2020,4,2,6,2707,-11,50,17,2633,0,24
10/7/2020,3,1,4,2711,2,52,2,2635,0,24
10/8/2020,10,2,12,2723,11,63,1,2636,0,24
10/9/2020,8,2,10,2733,1,64,9,2645,0,24
10/10/2020,4,2,6,2739,6,70,0,2645,0,24
10/11/2020,15,0,15,2754,4,74,11,2656,0,24
10/12/2020,27,1,28,2782,23,97,5,2661,0,24
10/13/2020,9,1,10,2792,8,105,2,2663,0,24
10/14/2020,7,5,12,2804,12,117,0,2663,0,24
10/15/2020,9,1,10,2814,-2,115,12,2675,0,24
10/16/2020,8,2,10,2824,-3,112,12,2687,1,25
10/17/2020,15,0,15,2839,8,120,7,2694,0,25
10/18/2020,7,0,7,2846,-2,118,9,2703,0,25
10/19/2020,6,1,7,2853,-8,110,15,2718,0,25
10/20/2020,6,1,7,2860,-20,90,27,2745,0,25
10/21/2020,20,6,26,2886,16,106,10,2755,0,25
10/22/2020,23,0,23,2909,12,118,11,2766,0,25
10/23/2020,10,1,11,2920,4,122,7,2773,0,25
10/24/2020,8,11,19,2939,12,134,7,2780,0,25
10/25/2020,10,0,10,2949,1,135,9,2789,0,25
10/26/2020,17,0,17,2966,5,140,12,2801,0,25
10/27/2020,9,2,11,2977,0,140,11,2812,0,25
10/28/2020,13,1,14,2991,2,142,12,2824,0,25
10/29/2020,21,2,23,3014,12,154,11,2835,0,25
10/30/2020,19,0,19,3033,5,159,14,2849,0,25
10/31/2020,11,0,11,3044,3,162,8,2857,0,25
11/1/2020,4,0,4,3048,-14,148,18,2875,0,25
11/2/2020,20,2,22,3070,10,158,12,2887,0,25
11/3/2020,10,12,22,3092,7,165,15,2902,0,25
11/4/2020,7,2,9,3101,-1,164,10,2912,0,25
11/5/2020,14,3,17,3118,-17,147,34,2946,0,25
11/6/2020,17,1,18,3136,-16,131,34,2980,0,25
11/7/2020,28,0,28,3164,21,152,7,2987,0,25
11/8/2020,11,0,11,3175,-15,137,26,3013,0,25
11/9/2020,20,2,22,3197,7,144,15,3028,0,25
11/10/2020,19,0,19,3216,6,150,13,3041,0,25
11/11/2020,17,4,21,3237,15,165,6,3047,0,25
11/12/2020,47,2,49,3286,37,202,12,3059,0,25
11/13/2020,201,1,202,3488,188,390,14,3073,0,25
11/14/2020,13,0,13,3501,-12,378,25,3098,0,25
11/15/2020,469,6,475,3976,459,837,16,3114,0,25
11/16/2020,392,0,392,4368,375,1212,17,3131,0,25
11/17/2020,238,7,245,4613,228,1440,17,3148,0,25
11/18/2020,29,2,31,4644,3,1443,28,3176,0,25
11/19/2020,67,5,72,4716,22,1465,50,3226,0,25
11/20/2020,41,5,46,4762,-62,1403,108,3334,0,25
11/21/2020,66,2,68,4830,-327,1076,395,3729,0,25
11/22/2020,26,4,30,4860,-261,815,291,4020,0,25
11/23/2020,195,1,196,5056,61,876,135,4155,0,25
11/24/2020,90,0,90,5146,-72,804,162,4317,0,25
11/25/2020,44,0,44,5190,14,818,30,4347,0,25
11/26/2020,59,0,59,5249,5,823,54,4401,0,25
11/27/2020,145,9,154,5403,115,938,39,4440,0,25
11/28/2020,187,4,191,5594,147,1085,44,4484,0,25
11/29/2020,493,0,493,6087,338,1423,155,4639,0,25
11/30/2020,114,5,119,6206,-20,1403,139,4778,0,25
12/1/2020,23,3,26,6232,-18,1385,44,4822,0,25
12/2/2020,81,4,85,6317,62,1447,23,4845,0,25
12/3/2020,48,1,49,6366,-118,1329,166,5011,1,26
12/4/2020,255,1,256,6622,217,1546,39,5050,0,26
12/5/2020,265,0,265,6887,-20,1526,285,5335,0,26
12/6/2020,177,1,178,7065,-136,1390,314,5649,0,26
12/7/2020,148,0,148,7213,87,1477,61,5710,0,26
12/8/2020,93,5,98,7311,-66,1411,164,5874,0,26
12/9/2020,124,5,129,7440,47,1458,81,5955,1,27
12/10/2020,132,4,136,7576,-8,1450,144,6099,0,27
12/11/2020,131,1,132,7708,12,1462,120,6219,0,27
12/12/2020,236,2,238,7946,16,1478,222,6441,0,27
12/13/2020,131,0,131,8077,9,1487,122,6563,0,27
12/14/2020,124,0,124,8201,51,1538,73,6636,0,27
12/15/2020,688,8,696,8897,659,2197,37,6673,0,27
12/16/2020,228,4,232,9129,179,2376,53,6726,0,27
12/17/2020,297,0,297,9426,200,2576,97,6823,0,27
12/18/2020,194,3,197,9623,139,2715,58,6881,0,27
12/19/2020,279,2,281,9904,167,2882,114,6995,0,27
12/20/2020,284,0,284,10188,212,3094,72,7067,0,27
12/21/2020,123,4,127,10315,72,3166,55,7122,0,27
12/22/2020,501,3,504,10819,462,3628,42,7164,0,27
12/23/2020,223,3,226,11045,192,3820,33,7197,1,28
12/24/2020,379,0,379,11424,277,4097,102,7299,0,28
12/25/2020,140,0,140,11564,-26,4071,166,7465,0,28
12/26/2020,718,10,728,12292,622,4693,106,7571,0,28
12/27/2020,202,0,202,12494,127,4820,75,7646,0,28
12/28/2020,193,1,194,12688,0,4820,194,7840,0,28
12/29/2020,353,7,360,13048,267,5087,93,7933,0,28
12/30/2020,218,1,219,13267,156,5243,63,7996,0,28
12/31/2020,217,5,222,13489,-26,5217,248,8244,0,28
1/1/2021,456,1,457,13946,-439,4778,895,9139,1,29
1/2/2021,150,6,156,14102,-682,4096,836,9975,2,31
1/3/2021,108,4,112,14214,-809,3287,921,10896,0,31
1/4/2021,145,5,150,14364,30,3317,120,11016,0,31
1/5/2021,307,6,313,14677,122,3439,191,11207,0,31
1/6/2021,264,1,265,14942,162,3601,102,11309,1,32
1/7/2021,314,2,316,15258,-294,3307,610,11919,0,32
1/8/2021,282,0,282,15540,-246,3061,528,12447,0,32
1/9/2021,196,2,198,15738,145,3206,53,12500,0,32
1/10/2021,227,4,231,15969,111,3317,118,12618,2,34
1/11/2021,202,2,204,16173,170,3487,34,12652,0,34
1/12/2021,322,4,326,16499,193,3680,133,12785,0,34
1/13/2021,288,1,289,16788,232,3912,57,12842,0,34
1/14/2021,253,4,257,17045,-109,3803,366,13208,0,34
1/15/2021,397,4,401,17446,126,3929,275,13483,0,34
1/16/2021,340,7,347,17793,119,4048,227,13710,1,35
1/17/2021,321,13,334,18127,46,4094,288,13998,0,35
1/18/2021,244,6,250,18377,-41,4053,291,14289,0,35
1/19/2021,518,3,521,18898,136,4189,385,14674,0,35
1/20/2021,509,4,513,19411,311,4500,202,14876,0,35
1/21/2021,571,5,576,19987,435,4935,141,15017,0,35
1/22/2021,429,6,435,20422,228,5163,205,15222,2,37
1/23/2021,538,10,548,20970,180,5343,367,15589,1,38
1/24/2021,387,3,390,21360,283,5626,107,15696,0,38
1/25/2021,304,1,305,21665,42,5668,262,15958,1,39
1/26/2021,608,2,610,22275,-37,5631,643,16601,4,43
1/27/2021,696,2,698,22973,489,6120,209,16810,0,43
1/28/2021,674,4,678,23651,-23,6097,699,17509,2,45
1/29/2021,681,6,687,24338,362,6459,324,17833,1,46
1/30/2021,480,0,480,24818,152,6611,328,18161,0,46
1/31/2021,782,1,783,25601,200,6811,582,18743,1,47
2/1/2021,698,4,702,26303,-31,6780,733,19476,0,47
2/2/2021,616,3,619,26922,-235,6545,852,20328,2,49
2/3/2021,646,5,651,27573,-227,6318,877,21205,1,50
2/4/2021,480,1,481,28054,296,6614,185,21390,0,50
2/5/2021,394,1,395,28449,154,6768,234,21624,7,57
2/6/2021,400,2,402,28851,225,6993,175,21799,2,59
2/7/2021,366,6,372,29223,-429,6564,798,22597,3,62
2/8/2021,294,1,295,29518,66,6630,226,22823,3,65
2/9/2021,420,2,422,29940,-135,6495,557,23380,0,65
2/10/2021,404,4,408,30348,-179,6316,586,23966,1,66
2/11/2021,428,7,435,30783,-180,6136,614,24580,1,67
2/12/2021,369,5,374,31157,275,6411,97,24677,2,69
2/13/2021,511,0,511,31668,-18,6393,529,25206,0,69
2/14/2021,152,2,154,31822,-515,5878,669,25875,0,69
2/15/2021,181,1,182,32004,-429,5449,609,26484,2,71
2/16/2021,318,0,318,32322,-579,4870,894,27378,3,74
2/17/2021,220,6,226,32548,-21,4849,245,27623,2,76
2/18/2021,211,1,212,32760,-260,4589,471,28094,1,77
2/19/2021,219,8,227,32987,-290,4299,511,28605,6,83
2/20/2021,230,0,230,33217,-643,3656,873,29478,0,83
2/21/2021,122,1,123,33340,-336,3320,458,29936,1,84
2/22/2021,301,2,303,33643,-319,3001,622,30558,0,84
2/23/2021,155,0,155,33798,-203,2798,358,30916,0,84
2/24/2021,381,0,381,34179,-57,2741,432,31348,6,90
2/25/2021,215,3,218,34397,-154,2587,372,31720,0,90
2/26/2021,118,4,122,34519,-199,2388,318,32038,3,93
2/27/2021,116,1,117,34636,-233,2155,344,32382,6,99
2/28/2021,337,0,337,34973,114,2269,223,32605,0,99
3/1/2021,70,5,75,35048,-268,2001,341,32946,2,101
3/2/2021,144,1,145,35193,-132,1869,276,33222,1,102
3/3/2021,92,0,92,35285,-18,1851,108,33330,2,104
3/4/2021,114,6,120,35405,-55,1796,174,33504,1,105
3/5/2021,105,3,108,35513,-57,1739,165,33669,0,105
3/6/2021,78,3,81,35594,-94,1645,175,33844,0,105
3/7/2021,116,9,125,35719,-213,1432,338,34182,0,105
3/8/2021,69,2,71,35790,-74,1358,144,34326,1,106
3/9/2021,118,1,119,35909,-100,1258,218,34544,1,107
3/10/2021,103,0,103,36012,50,1308,53,34597,0,107
3/11/2021,85,1,86,36098,-93,1215,178,34775,1,108
3/12/2021,103,5,108,36206,-54,1161,161,34936,1,109
3/13/2021,156,2,158,36364,26,1187,131,35067,1,110
3/14/2021,55,0,55,36419,-102,1085,155,35222,2,112
3/15/2021,57,4,61,36480,-30,1055,91,35313,0,112
3/16/2021,82,4,86,36566,-29,1026,114,35427,1,113
3/17/2021,51,3,54,36620,-11,1015,65,35492,0,113
3/18/2021,75,4,79,36699,-4,1011,83,35575,0,113
3/19/2021,165,10,175,36874,64,1075,110,35685,1,114
3/20/2021,76,2,78,36952,6,1081,72,35757,0,114
3/21/2021,111,4,115,37067,40,1121,74,35831,1,115
3/22/2021,154,4,158,37225,37,1158,120,35951,1,116
3/23/2021,61,3,64,37289,41,1199,23,35974,0,116
3/24/2021,49,4,53,37342,-26,1173,79,36053,0,116
3/25/2021,97,1,98,37440,19,1192,79,36132,0,116
3/26/2021,73,13,86,37526,22,1214,64,36196,0,116
3/27/2021,82,2,84,37610,-63,1151,147,36343,0,116
3/28/2021,50,8,58,37668,-5,1146,63,36406,0,116
3/29/2021,51,6,57,37725,-15,1131,72,36478,0,116
3/30/2021,49,4,53,37778,-30,1101,81,36559,2,118
3/31/2021,40,2,42,37820,-25,1076,67,36626,0,118
4/1/2021,92,9,101,37921,-34,1042,134,36760,1,119
4/2/2021,68,20,88,38009,6,1048,82,36842,0,119
4/3/2021,65,2,67,38076,-29,1019,95,36937,1,120
4/4/2021,68,5,73,38149,-103,916,176,37113,0,120
4/5/2021,83,5,88,38237,11,927,77,37190,0,120
4/6/2021,77,10,87,38324,38,965,49,37239,0,120
4/7/2021,77,7,84,38408,6,971,77,37316,1,121
4/8/2021,107,13,120,38528,80,1051,40,37356,0,121
4/9/2021,120,15,135,38663,55,1106,79,37435,1,122
4/10/2021,104,2,106,38769,9,1115,97,37532,0,122
4/11/2021,90,6,96,38865,32,1147,62,37594,2,124
4/12/2021,105,11,116,38981,82,1229,32,37626,2,126
4/13/2021,127,6,133,39114,86,1315,47,37673,0,126
4/14/2021,132,2,134,39248,89,1404,44,37717,1,127
4/15/2021,152,19,171,39419,43,1447,125,37842,3,130
4/16/2021,224,21,245,39664,166,1613,79,37921,0,130
4/17/2021,241,11,252,39916,178,1791,74,37995,0,130
4/18/2021,171,5,176,40092,93,1884,82,38077,1,131
4/19/2021,147,6,153,40245,6,1890,146,38223,1,132
4/20/2021,338,6,344,40589,244,2134,100,38323,0,132
4/21/2021,286,5,291,40880,147,2281,143,38466,1,133
4/22/2021,306,26,332,41212,94,2375,238,38704,0,133
4/23/2021,299,3,302,41514,147,2522,153,38857,2,135
4/24/2021,227,13,240,41754,71,2593,168,39025,1,136
4/25/2021,209,8,217,41971,45,2638,169,39194,3,139
4/26/2021,253,1,254,42225,101,2739,153,39347,0,139
4/27/2021,373,4,377,42602,198,2937,178,39525,1,140
4/28/2021,433,7,440,43042,272,3209,168,39693,0,140
4/29/2021,350,9,359,43401,181,3390,178,39871,0,140
4/30/2021,253,2,255,43656,93,3483,162,40033,0,140
5/1/2021,303,12,315,43971,-6,3477,319,40352,2,142
5/2/2021,196,2,198,44169,15,3492,182,40534,1,143
5/3/2021,197,3,200,44369,-6,3486,203,40737,3,146
5/4/2021,404,4,408,44777,47,3533,361,41098,0,146
5/5/2021,312,1,313,45090,195,3728,118,41216,0,146
5/6/2021,471,6,477,45567,180,3908,295,41511,2,148
5/7/2021,433,3,436,46003,125,4033,308,41819,3,151
5/8/2021,553,4,557,46560,299,4332,253,42072,5,156
5/9/2021,337,1,338,46898,85,4417,247,42319,6,162
5/10/2021,317,3,320,47218,34,4451,284,42603,2,164
5/11/2021,479,4,483,47701,159,4610,322,42925,2,166
5/12/2021,534,6,540,48241,119,4729,413,43338,8,174
5/13/2021,520,1,521,48762,157,4886,362,43700,2,176
5/14/2021,305,1,306,49068,-11,4875,311,44011,6,182
5/15/2021,390,8,398,49466,76,4951,320,44331,2,184
5/16/2021,341,1,342,49808,-41,4910,379,44710,4,188
5/17/2021,297,0,297,50105,160,5070,133,44843,4,192
5/18/2021,475,2,477,50582,69,5139,404,45247,4,196
5/19/2021,659,1,660,51242,338,5477,320,45567,2,198
5/20/2021,654,1,655,51897,165,5642,482,46049,8,206
5/21/2021,639,2,641,52538,146,5788,492,46541,3,209
5/22/2021,652,2,654,53192,58,5846,587,47128,9,218
5/23/2021,443,4,447,53639,116,5962,329,47457,2,220
5/24/2021,467,1,468,54107,170,6132,293,47750,5,225
5/25/2021,601,3,604,54711,118,6250,481,48231,5,230
5/26/2021,760,0,760,55471,246,6496,505,48736,9,239
5/27/2021,559,2,561,56032,88,6584,468,49204,5,244
5/28/2021,828,2,830,56862,408,6992,416,49620,6,250
5/29/2021,786,3,789,57651,303,7295,472,50092,14,264
5/30/2021,615,1,616,58267,212,7507,401,50493,3,267
5/31/2021,386,1,387,58654,19,7526,367,50860,1,268
6/1/2021,817,0,817,59471,283,7809,528,51388,6,274
6/2/2021,699,2,701,60172,82,7891,601,51989,18,292
6/3/2021,795,6,801,60973,187,8078,599,52588,15,307
6/4/2021,850,1,851,61824,260,8338,584,53172,7,314
6/5/2021,673,5,678,62502,65,8403,601,53773,12,326
6/6/2021,414,1,415,62917,-21,8382,431,54204,5,331
6/7/2021,441,14,455,63372,-18,8364,465,54669,8,339
6/8/2021,464,2,466,63838,-107,8257,565,55234,8,347
6/9/2021,701,3,704,64542,-81,8176,780,56014,5,352
6/10/2021,766,3,769,65311,177,8353,588,56602,4,356
6/11/2021,884,0,884,66195,65,8418,812,57414,7,363
6/12/2021,555,4,559,66754,-207,8211,757,58171,9,372
6/13/2021,461,1,462,67216,-160,8051,612,58783,10,382
6/14/2021,501,2,503,67719,76,8127,419,59202,8,390
6/15/2021,647,3,650,68369,-130,7997,769,59971,11,401
6/16/2021,477,3,480,68849,-208,7789,682,60653,6,407
6/17/2021,639,2,641,69490,-161,7628,799,61452,3,410
6/18/2021,811,5,816,70306,-12,7616,824,62276,4,414
6/19/2021,483,0,483,70789,-227,7389,695,62971,15,429
6/20/2021,379,0,379,71168,-59,7330,434,63405,4,433
6/21/2021,310,0,310,71478,-152,7178,451,63856,11,444
6/22/2021,634,1,635,72113,243,7421,387,64243,5,449
6/23/2021,531,0,531,72644,-248,7173,770,65013,9,458
6/24/2021,546,6,552,73196,-156,7017,698,65711,10,468
6/25/2021,760,11,771,73967,-119,6898,872,66583,18,486
6/26/2021,622,6,628,74595,77,6975,537,67120,14,500
6/27/2021,626,2,628,75223,145,7120,467,67587,16,516
6/28/2021,469,0,469,75692,-28,7092,494,68081,3,519
6/29/2021,1359,2,1361,77053,764,7856,586,68667,11,530
6/30/2021,618,7,625,77678,73,7929,547,69214,5,535
7/1/2021,988,0,988,78666,281,8210,701,69915,6,541
7/2/2021,636,1,637,79303,-257,7953,889,70804,5,546
7/3/2021,609,7,616,79919,83,8036,512,71316,21,567
7/4/2021,597,19,616,80535,83,8119,523,71839,10,577
7/5/2021,800,19,819,81354,491,8610,318,72157,10,587
7/6/2021,1543,7,1550,82904,935,9545,597,72754,18,605
7/7/2021,985,20,1005,83909,555,10100,440,73194,10,615
7/8/2021,1129,4,1133,85042,531,10631,578,73772,24,639
7/9/2021,1271,0,1271,86313,515,11146,739,74511,17,656
7/10/2021,1396,2,1398,87711,820,11966,573,75084,5,661
7/11/2021,1233,14,1247,88958,692,12658,534,75618,21,682
7/12/2021,589,20,609,89567,152,12810,441,76059,16,698
7/13/2021,1504,17,1521,91088,370,13180,1131,77190,20,718
7/14/2021,1737,12,1749,92837,1192,14372,539,77729,18,736
7/15/2021,1494,5,1499,94336,590,14962,886,78615,23,759
7/16/2021,1530,12,1542,95878,966,15928,556,79171,20,779
7/17/2021,1725,15,1740,97618,1153,17081,571,79742,16,795
7/18/2021,936,9,945,98563,372,17453,556,80298,17,812
7/19/2021,605,4,609,99172,-145,17308,743,81041,11,823
7/20/2021,1576,4,1580,100752,144,17452,1434,82475,2,825
7/21/2021,1172,2,1174,101926,192,17644,925,83400,57,882
7/22/2021,1603,8,1611,103537,461,18105,1118,84518,32,914
7/23/2021,2051,12,2063,105600,779,18884,1268,85786,16,930
7/24/2021,2391,15,2406,108006,1015,19899,1378,87164,13,943
7/25/2021,2040,5,2045,110051,813,20712,1220,88384,12,955
7/26/2021,1425,0,1425,111476,713,21425,660,89044,52,1007
7/27/2021,2437,20,2457,113933,907,22332,1516,90560,34,1041
7/28/2021,2876,4,2880,116813,1157,23489,1709,92269,14,1055
7/29/2021,2119,19,2138,118951,667,24156,1451,93720,20,1075
7/30/2021,2112,2,2114,121065,581,24737,1523,95243,10,1085
7/31/2021,1962,0,1962,123027,226,24963,1727,96970,9,1094
8/1/2021,2085,1,2086,125113,1091,26054,970,97940,25,1119
8/2/2021,1534,2,1536,126649,819,26873,676,98616,41,1160
8/3/2021,2280,29,2309,128958,712,27585,1596,100212,1,1161
8/4/2021,2449,18,2467,131425,1256,28841,1137,101349,74,1235
8/5/2021,2152,11,2163,133588,564,29405,1575,102924,24,1259
8/6/2021,2473,10,2483,136071,446,29851,2020,104944,17,1276
8/7/2021,2435,15,2450,138521,144,29995,2273,107217,33,1309
8/8/2021,1877,6,1883,140404,-67,29928,1909,109126,41,1350
8/9/2021,1567,0,1567,141971,64,29992,1485,110611,18,1368
8/10/2021,2374,0,2374,144345,-28,29964,2365,112976,37,1405
8/11/2021,2062,3,2065,146410,-815,29149,2839,115815,41,1446
8/12/2021,2381,55,2436,148846,295,29444,2096,117911,45,1491
8/13/2021,2165,18,2183,151029,-12,29432,2148,120059,47,1538
8/14/2021,2027,1,2028,153057,37,29469,1935,121994,56,1594
8/15/2021,1442,0,1442,154499,-695,28774,2092,124086,45,1639
8/16/2021,1359,1,1360,155859,-225,28549,1546,125632,39,1678
8/17/2021,1760,5,1765,157624,-646,27903,2364,127996,47,1725
8/18/2021,1587,0,1587,159211,-856,27047,2419,130415,24,1749
8/19/2021,1434,5,1439,160650,-697,26350,2113,132528,23,1772
8/20/2021,1634,18,1652,162302,-886,25464,2507,135035,31,1803
8/21/2021,1220,0,1220,163522,-1197,24267,2399,137434,18,1821
8/22/2021,997,2,999,164521,-886,23381,1870,139304,15,1836
8/23/2021,888,3,891,165412,-705,22676,1587,140891,9,1845
8/24/2021,1280,4,1284,166696,-1071,21605,2345,143236,10,1855
8/25/2021,1128,0,1128,167824,-922,20683,2032,145268,18,1873
8/26/2021,874,7,881,168705,-1528,19155,2348,147616,61,1934
8/27/2021,1059,9,1068,169773,-1017,18138,2045,149661,40,1974
8/28/2021,1111,0,1111,170884,-835,17303,1920,151581,26,2000
8/29/2021,675,5,680,171564,-744,16559,1402,152983,22,2022
8/30/2021,659,13,672,172236,-734,15825,1393,154376,13,2035
8/31/2021,1003,0,1003,173239,-696,15129,1678,156054,21,2056
9/1/2021,570,3,573,173812,-967,14162,1531,157585,9,2065
9/2/2021,730,1,731,174543,-688,13474,1403,158988,16,2081
9/3/2021,740,0,740,175283,-855,12619,1593,160581,2,2083
9/4/2021,710,1,711,175994,-487,12132,1174,161755,24,2107
9/5/2021,596,1,597,176591,-366,11766,959,162714,4,2111
9/6/2021,392,6,398,176989,-571,11195,948,163662,21,2132
9/7/2021,624,7,631,177620,-631,10564,1252,164914,10,2142
9/8/2021,535,2,537,178157,-578,9986,1081,165995,34,2176
9/9/2021,513,0,513,178670,-353,9633,844,166839,22,2198
9/10/2021,466,1,467,179137,-575,9058,1035,167874,7,2205
9/11/2021,554,1,555,179692,-521,8537,1068,168942,8,2213
9/12/2021,376,0,376,180068,-317,8220,675,169617,18,2231
9/13/2021,388,10,398,180466,-291,7929,681,170298,8,2239
9/14/2021,407,4,411,180877,-627,7302,1026,171324,12,2251
9/15/2021,358,5,363,181240,-216,7086,568,171892,11,2262
9/16/2021,490,3,493,181733,-189,6897,679,172571,3,2265
9/17/2021,364,2,366,182099,-350,6547,704,173275,12,2277
9/18/2021,379,3,382,182481,-292,6255,667,173942,7,2284
9/19/2021,380,3,383,182864,-206,6049,575,174517,14,2298
9/20/2021,302,5,307,183171,-110,5939,404,174921,13,2311
9/21/2021,351,8,359,183530,-263,5676,604,175525,18,2329
9/22/2021,337,1,338,183868,-197,5479,491,176016,44,2373
9/23/2021,382,1,383,184251,-108,5371,474,176490,17,2390
9/24/2021,269,2,271,184522,-194,5177,459,176949,6,2396
9/25/2021,309,1,310,184832,-222,4955,529,177478,3,2399
9/26/2021,270,0,270,185102,-113,4842,371,177849,12,2411
9/27/2021,173,3,176,185278,-245,4597,396,178245,25,2436
9/28/2021,237,3,240,185518,-198,4399,417,178662,21,2457
9/29/2021,284,0,284,185802,-47,4352,327,178989,4,2461
9/30/2021,254,4,258,186060,-193,4159,444,179433,7,2468
10/1/2021,284,5,289,186349,-75,4084,357,179790,7,2475
10/2/2021,169,2,171,186520,-154,3930,321,180111,4,2479
10/3/2021,201,0,201,186721,-196,3734,396,180507,1,2480
10/4/2021,149,2,151,186872,-146,3588,294,180801,3,2483
10/5/2021,217,0,217,187089,-92,3496,305,181106,4,2487
10/6/2021,212,2,214,187303,-120,3376,331,181437,3,2490
10/7/2021,250,0,250,187553,-113,3263,362,181799,1,2491
10/8/2021,312,1,313,187866,59,3322,252,182051,2,2493
10/9/2021,283,5,288,188154,-11,3311,297,182348,2,2495
10/10/2021,150,1,151,188305,-106,3205,257,182605,0,2495
10/11/2021,217,3,220,188525,75,3280,138,182743,7,2502
10/12/2021,252,1,253,188778,26,3306,226,182969,1,2503
10/13/2021,308,1,309,189087,6,3312,303,183272,0,2503
10/14/2021,303,1,304,189391,50,3362,250,183522,4,2507
10/15/2021,264,1,265,189656,-4,3358,265,183787,4,2511
10/16/2021,254,5,259,189915,109,3467,149,183936,1,2512
10/17/2021,175,7,182,190097,-59,3408,238,184174,3,2515
10/18/2021,221,2,223,190320,55,3463,165,184339,3,2518
10/19/2021,258,1,259,190579,38,3501,220,184559,1,2519
10/20/2021,184,5,189,190768,-32,3469,221,184780,0,2519
10/21/2021,327,16,343,191111,104,3573,239,185019,0,2519
10/22/2021,315,7,322,191433,-1,3572,323,185342,0,2519
10/23/2021,250,2,252,191685,-25,3547,276,185618,1,2520
10/24/2021,156,6,162,191847,-33,3514,195,185813,0,2520
10/25/2021,173,3,176,192023,-30,3484,203,186016,3,2523
10/26/2021,335,4,339,192362,110,3594,229,186245,0,2523
10/27/2021,271,2,273,192635,-26,3568,293,186538,6,2529
10/28/2021,259,3,262,192897,-35,3533,294,186832,3,2532
10/29/2021,296,3,299,193196,81,3614,218,187050,0,2532
10/30/2021,305,4,309,193505,23,3637,283,187333,3,2535
10/31/2021,207,8,215,193720,16,3653,197,187530,2,2537
11/1/2021,201,3,204,193924,-23,3630,224,187754,3,2540
11/2/2021,257,2,259,194183,-4,3626,262,188016,1,2541
11/3/2021,195,4,199,194382,-9,3617,207,188223,1,2542
11/4/2021,253,22,275,194657,-62,3555,335,188558,2,2544
11/5/2021,201,0,201,194858,-100,3455,296,188854,5,2549
11/6/2021,259,9,268,195126,-19,3436,286,189140,1,2550
11/7/2021,225,3,228,195354,63,3499,165,189305,0,2550
11/8/2021,171,3,174,195528,-30,3469,202,189507,2,2552
11/9/2021,405,8,413,195941,79,3548,333,189840,1,2553
11/10/2021,312,11,323,196264,72,3620,248,190088,3,2556
11/11/2021,331,8,339,196603,71,3691,267,190355,1,2557
11/12/2021,436,5,441,197044,139,3830,301,190656,1,2558
11/13/2021,342,5,347,197391,39,3869,307,190963,1,2559
11/14/2021,273,5,278,197669,58,3927,218,191181,2,2561
11/15/2021,220,2,222,197891,7,3934,215,191396,0,2561
11/16/2021,308,4,312,198203,67,4001,244,191640,1,2562
11/17/2021,396,7,403,198606,184,4185,215,191855,4,2566
11/18/2021,392,7,399,199005,108,4293,289,192144,2,2568
11/19/2021,319,5,324,199329,77,4370,246,192390,1,2569
11/20/2021,317,2,319,199648,42,4412,276,192666,1,2570
11/21/2021,234,1,235,199883,11,4423,224,192890,0,2570
11/22/2021,206,2,208,200091,29,4452,175,193065,4,2574
11/23/2021,407,12,419,200510,19,4471,399,193464,1,2575
11/24/2021,395,5,400,200910,128,4599,271,193735,1,2576
11/25/2021,450,2,452,201362,93,4692,358,194093,1,2577
11/26/2021,394,6,400,201762,-32,4660,428,194521,4,2581
11/27/2021,328,2,330,202092,16,4676,312,194833,2,2583
11/28/2021,190,1,191,202283,-96,4580,285,195118,2,2585
11/29/2021,173,8,181,202464,-29,4551,205,195323,5,2590
11/30/2021,379,9,388,202852,51,4602,331,195654,6,2596
12/1/2021,317,9,326,203178,-54,4548,379,196033,1,2597
12/2/2021,381,4,385,203563,11,4559,371,196404,3,2600
12/3/2021,348,14,362,203925,31,4590,329,196733,2,2602
12/4/2021,232,0,232,204157,-76,4514,308,197041,0,2602
12/5/2021,218,3,221,204378,-1,4513,222,197263,0,2602
12/6/2021,235,5,240,204618,38,4551,198,197461,4,2606
12/7/2021,376,4,380,204998,-55,4496,432,197893,3,2609
12/8/2021,311,5,316,205314,-69,4427,384,198277,1,2610
12/9/2021,314,1,315,205629,-118,4309,432,198709,1,2611
12/10/2021,359,6,365,205994,-13,4296,377,199086,1,2612
12/11/2021,345,4,349,206343,19,4315,328,199414,2,2614
12/12/2021,194,0,194,206537,0,4315,194,199608,0,2614
12/13/2021,214,4,218,206755,35,4350,179,199787,4,2618
12/14/2021,314,3,317,207072,-58,4292,373,200160,2,2620
12/15/2021,322,3,325,207397,-14,4278,335,200495,4,2624
12/16/2021,290,10,300,207697,-85,4193,383,200878,2,2626
12/17/2021,287,11,298,207995,-70,4123,368,201246,0,2626
12/18/2021,230,6,236,208231,13,4136,221,201467,2,2628
12/19/2021,177,7,184,208415,-36,4100,220,201687,0,2628
12/20/2021,183,3,186,208601,-51,4049,236,201923,1,2629
12/21/2021,252,6,258,208859,-108,3941,360,202283,6,2635
12/22/2021,259,20,279,209138,-42,3899,321,202604,0,2635
12/23/2021,194,16,210,209348,-114,3785,320,202924,4,2639
12/24/2021,184,16,200,209548,-158,3627,357,203281,1,2640
12/25/2021,148,11,159,209707,-169,3458,326,203607,2,2642
12/26/2021,123,12,135,209842,-64,3394,198,203805,1,2643
12/27/2021,117,18,135,209977,-86,3308,218,204023,3,2646
12/28/2021,187,18,205,210182,-93,3215,296,204319,2,2648
12/29/2021,189,35,224,210406,-83,3132,302,204621,5,2653
12/30/2021,192,49,241,210647,-46,3086,286,204907,1,2654
12/31/2021,165,40,205,210852,-82,3004,287,205194,0,2654
1/1/2022,153,38,191,211043,-39,2965,224,205418,6,2660
1/2/2022,107,28,135,211178,-48,2917,182,205600,1,2661
1/3/2022,132,35,167,211345,-14,2903,181,205781,0,2661
1/4/2022,142,64,206,211551,-50,2853,255,206036,1,2662
1/5/2022,175,70,245,211796,-33,2820,276,206312,2,2664
1/6/2022,153,76,229,212025,27,2847,202,206514,0,2664
1/7/2022,189,82,271,212296,64,2911,207,206721,0,2664
1/8/2022,177,124,301,212597,148,3059,153,206874,0,2664
1/9/2022,143,129,272,212869,127,3186,144,207018,1,2665
1/10/2022,119,143,262,213131,122,3308,138,207156,2,2667
1/11/2022,161,129,290,213421,72,3380,215,207371,3,2670
1/12/2022,144,175,319,213740,101,3481,217,207588,1,2671
1/13/2022,186,123,309,214049,72,3553,236,207824,1,2672
1/14/2022,168,112,280,214329,53,3606,227,208051,0,2672
1/15/2022,151,125,276,214605,84,3690,191,208242,1,2673